Computational predictions,,,,,Experimental Measurements,,,,,,,,,Computational predictions vs experimental measurments,,,,,,,,,,,,
Glucose minimal media,,Glycerol minimal media,,,Always essential on rich medium,,Shared essential on both glucose and glycerol,,Glucose essential only,,Glycerol essential only,,,Glucose minimal media,,,,Glycerol minimal media,,,,,,,,
,,,,,314,,,,,,,,,1079,80,39,168,1073,87,45,161,,,,,
Non-Essential (1159),Essential (207),Non-Essential (1160),Essential (206),,Gene,In iJO1366?,Gene,In iJO1366?,Gene,In iJO1366?,Gene,In iJO1366?,,Comp non-essential and exp non-essential (TP),Comp non-essential and exp essential (FP),Comp essential and exp non-essential (FN),Comp essential and exp essential (TN),Comp non-essential and exp non-essential (TP),Comp non-essential and exp essential (FP),Comp essential and exp non-essential (FN),Comp essential and exp essential (TN),,,,,
b0002,b0003,b0002,b0003,,b0025,Yes,b0002,Yes,b0115,Yes,b0585,Yes,,b0007,b0002,b0009,b0003,b0007,b0002,b0009,b0003,,,,,
b0007,b0004,b0007,b0004,,b0029,Yes,b0003,Yes,b0116,Yes,b1693,Yes,,b0008,b0032,b0103,b0004,b0008,b0032,b0103,b0004,,,,,
b0008,b0009,b0008,b0009,,b0031,Yes,b0004,Yes,b0628,Yes,b2232,Yes,,b0019,b0033,b0159,b0025,b0019,b0033,b0159,b0025,,,,,
b0019,b0025,b0019,b0025,,b0048,Yes,b0032,Yes,b0630,Yes,b2414,Yes,,b0026,b0048,b0423,b0029,b0026,b0048,b0423,b0029,,,,,
b0026,b0029,b0026,b0029,,b0084,Yes,b0033,Yes,b0774,Yes,b2417,Yes,,b0030,b0084,b0781,b0031,b0030,b0084,b0774,b0031,,,,,
b0030,b0031,b0030,b0031,,b0085,Yes,b0052,Yes,b0775,Yes,b2422,Yes,,b0036,b0115,b0783,b0052,b0036,b0126,b0775,b0052,,,,,
b0032,b0052,b0032,b0052,,b0086,Yes,b0071,Yes,b0776,Yes,b2424,Yes,,b0037,b0116,b0784,b0071,b0037,b0171,b0776,b0071,,,,,
b0033,b0071,b0033,b0071,,b0087,Yes,b0072,Yes,b0777,Yes,b2425,Yes,,b0038,b0126,b0785,b0072,b0038,b0194,b0777,b0072,,,,,
b0036,b0072,b0036,b0072,,b0088,Yes,b0073,Yes,b0778,Yes,b2752,Yes,,b0040,b0171,b0826,b0073,b0040,b0242,b0778,b0073,,,,,
b0037,b0073,b0037,b0073,,b0090,Yes,b0074,Yes,b2415,Yes,b2907,Yes,,b0047,b0194,b0827,b0074,b0047,b0243,b0781,b0074,,,,,
b0038,b0074,b0038,b0074,,b0091,Yes,b0109,Yes,b3172,Yes,b3058,Yes,,b0049,b0242,b0928,b0085,b0049,b0474,b0783,b0085,,,,,
b0040,b0085,b0040,b0085,,b0096,Yes,b0131,Yes,b3368,Yes,b3177,Yes,,b0061,b0243,b1091,b0086,b0061,b0526,b0784,b0086,,,,,
b0047,b0086,b0047,b0086,,b0126,Yes,b0133,Yes,b3412,Yes,b3426,Yes,,b0062,b0474,b1096,b0087,b0062,b0529,b0785,b0087,,,,,
b0048,b0087,b0048,b0087,,b0142,Yes,b0134,Yes,b3737,Yes,b3671,Yes,,b0063,b0526,b1415,b0088,b0063,b0583,b0826,b0088,,,,,
b0049,b0088,b0049,b0088,,b0154,Yes,b0242,Yes,b3770,Yes,b3733,Yes,,b0066,b0529,b1693,b0090,b0066,b0585,b0827,b0090,,,,,
b0061,b0090,b0061,b0090,,b0166,Yes,b0243,Yes,b3829,Yes,b3734,Yes,,b0067,b0583,b2103,b0091,b0067,b0635,b0928,b0091,,,,,
b0062,b0091,b0062,b0091,,b0171,Yes,b0386,Yes,b3833,Yes,b3735,Yes,,b0068,b0628,b2311,b0096,b0068,b0642,b1091,b0096,,,,,
b0063,b0096,b0063,b0096,,b0173,Yes,b0522,Yes,b3916,Yes,b3736,Yes,,b0070,b0630,b2687,b0109,b0070,b0657,b1096,b0109,,,,,
b0066,b0103,b0066,b0103,,b0174,Yes,b0523,Yes,b3958,Yes,b3926,Yes,,b0077,b0635,b2752,b0131,b0077,b0680,b1415,b0131,,,,,
b0067,b0109,b0067,b0109,,b0175,Yes,b0720,Yes,b3959,Yes,b4214,Yes,,b0078,b0642,b3040,b0133,b0078,b0684,b2103,b0133,,,,,
b0068,b0131,b0068,b0131,,b0179,Yes,b0750,Yes,b0909,No,b0080,No,,b0092,b0657,b3058,b0134,b0092,b0733,b2311,b0134,,,,,
b0070,b0133,b0070,b0133,,b0180,Yes,b0907,Yes,b1132,No,b3065,No,,b0099,b0680,b3176,b0142,b0099,b0886,b2687,b0142,,,,,
b0077,b0134,b0077,b0134,,b0181,Yes,b0908,Yes,b1844,No,b4309,No,,b0104,b0684,b3177,b0154,b0104,b0893,b3040,b0154,,,,,
b0078,b0142,b0078,b0142,,b0182,Yes,b0945,Yes,b3935,No,,,,b0110,b0733,b3196,b0166,b0110,b0930,b3172,b0166,,,,,
b0084,b0154,b0084,b0154,,b0185,Yes,b1062,Yes,b4362,No,,,,b0112,b0886,b3198,b0173,b0112,b0945,b3176,b0173,,,,,
b0092,b0159,b0092,b0159,,b0194,Yes,b1136,Yes,,,,,,b0114,b0893,b3359,b0174,b0114,b1069,b3196,b0174,,,,,
b0099,b0166,b0099,b0166,,b0369,Yes,b1260,Yes,,,,,,b0118,b0930,b3807,b0175,b0115,b1207,b3198,b0175,,,,,
b0104,b0173,b0104,b0173,,b0414,Yes,b1261,Yes,,,,,,b0120,b0945,b3809,b0179,b0116,b1637,b3359,b0179,,,,,
b0110,b0174,b0110,b0174,,b0415,Yes,b1262,Yes,,,,,,b0121,b1069,b3924,b0180,b0118,b1638,b3368,b0180,,,,,
b0112,b0175,b0112,b0175,,b0417,Yes,b1263,Yes,,,,,,b0123,b1207,b3974,b0181,b0120,b1713,b3412,b0181,,,,,
b0114,b0179,b0114,b0179,,b0420,Yes,b1264,Yes,,,,,,b0124,b1637,b3990,b0182,b0121,b1714,b3770,b0182,,,,,
b0115,b0180,b0115,b0180,,b0421,Yes,b1281,Yes,,,,,,b0125,b1638,b3991,b0185,b0123,b1719,b3807,b0185,,,,,
b0116,b0181,b0116,b0181,,b0474,Yes,b1638,Yes,,,,,,b0149,b1713,b3992,b0369,b0124,b1779,b3809,b0369,,,,,
b0118,b0182,b0118,b0182,,b0475,Yes,b1812,Yes,,,,,,b0150,b1714,b3993,b0386,b0125,b1866,b3924,b0386,,,,,
b0120,b0185,b0120,b0185,,b0524,Yes,b2019,Yes,,,,,,b0151,b1719,b3994,b0414,b0149,b1876,b3958,b0414,,,,,
b0121,b0369,b0121,b0369,,b0526,Yes,b2020,Yes,,,,,,b0152,b1779,b3997,b0415,b0150,b1912,b3959,b0415,,,,,
b0123,b0386,b0123,b0386,,b0529,Yes,b2021,Yes,,,,,,b0153,b1866,b4039,b0417,b0151,b2114,b3974,b0417,,,,,
b0124,b0414,b0124,b0414,,b0583,Yes,b2022,Yes,,,,,,b0155,b1876,b4214,b0420,b0152,b2232,b3990,b0420,,,,,
b0125,b0415,b0125,b0415,,b0635,Yes,b2023,Yes,,,,,,b0158,b1912,b4407,b0421,b0153,b2234,b3991,b0421,,,,,
b0126,b0417,b0126,b0417,,b0639,Yes,b2024,Yes,,,,,,b0160,b2114,,b0475,b0155,b2235,b3992,b0475,,,,,
b0149,b0420,b0149,b0420,,b0642,Yes,b2025,Yes,,,,,,b0186,b2234,,b0522,b0158,b2411,b3993,b0522,,,,,
b0150,b0421,b0150,b0421,,b0657,Yes,b2026,Yes,,,,,,b0197,b2235,,b0523,b0160,b2414,b3994,b0523,,,,,
b0151,b0423,b0151,b0423,,b0680,Yes,b2312,Yes,,,,,,b0198,b2411,,b0524,b0186,b2416,b3997,b0524,,,,,
b0152,b0475,b0152,b0475,,b0684,Yes,b2320,Yes,,,,,,b0199,b2415,,b0639,b0197,b2417,b4039,b0639,,,,,
b0153,b0522,b0153,b0522,,b0733,Yes,b2329,Yes,,,,,,b0200,b2416,,b0720,b0198,b2422,b4407,b0720,,,,,
b0155,b0523,b0155,b0523,,b0886,Yes,b2416,Yes,,,,,,b0207,b2508,,b0750,b0199,b2424,,b0750,,,,,
b0158,b0524,b0158,b0524,,b0893,Yes,b2476,Yes,,,,,,b0212,b2514,,b0774,b0200,b2425,,b0907,,,,,
b0160,b0639,b0160,b0639,,b0914,Yes,b2499,Yes,,,,,,b0221,b2533,,b0775,b0207,b2508,,b0908,,,,,
b0171,b0720,b0171,b0720,,b0915,Yes,b2507,Yes,,,,,,b0222,b2551,,b0776,b0212,b2514,,b0914,,,,,
b0186,b0750,b0186,b0750,,b0918,Yes,b2508,Yes,,,,,,b0237,b2563,,b0777,b0221,b2533,,b0915,,,,,
b0194,b0774,b0194,b0774,,b0930,Yes,b2530,Yes,,,,,,b0238,b2779,,b0778,b0222,b2551,,b0918,,,,,
b0197,b0775,b0197,b0775,,b0954,Yes,b2551,Yes,,,,,,b0241,b2913,,b0907,b0237,b2563,,b0954,,,,,
b0198,b0776,b0198,b0776,,b1069,Yes,b2557,Yes,,,,,,b0260,b2925,,b0908,b0238,b2779,,b1062,,,,,
b0199,b0777,b0199,b0777,,b1092,Yes,b2564,Yes,,,,,,b0261,b2926,,b0914,b0241,b2907,,b1092,,,,,
b0200,b0778,b0200,b0778,,b1093,Yes,b2574,Yes,,,,,,b0273,b3008,,b0915,b0260,b2913,,b1093,,,,,
b0207,b0781,b0207,b0781,,b1094,Yes,b2599,Yes,,,,,,b0306,b3281,,b0918,b0261,b2925,,b1094,,,,,
b0212,b0783,b0212,b0783,,b1098,Yes,b2600,Yes,,,,,,b0307,b3288,,b0954,b0273,b2926,,b1098,,,,,
b0221,b0784,b0221,b0784,,b1131,Yes,b2750,Yes,,,,,,b0308,b3384,,b1062,b0306,b3008,,b1131,,,,,
b0222,b0785,b0222,b0785,,b1207,Yes,b2751,Yes,,,,,,b0311,b3560,,b1092,b0307,b3281,,b1136,,,,,
b0237,b0826,b0237,b0826,,b1208,Yes,b2762,Yes,,,,,,b0312,b3623,,b1093,b0308,b3288,,b1208,,,,,
b0238,b0827,b0238,b0827,,b1210,Yes,b2763,Yes,,,,,,b0314,b3640,,b1094,b0311,b3384,,b1210,,,,,
b0241,b0907,b0241,b0907,,b1215,Yes,b2764,Yes,,,,,,b0323,b3650,,b1098,b0312,b3426,,b1215,,,,,
b0242,b0908,b0242,b0908,,b1277,Yes,b2818,Yes,,,,,,b0331,b3709,,b1131,b0314,b3560,,b1260,,,,,
b0243,b0914,b0243,b0914,,b1288,Yes,b2827,Yes,,,,,,b0333,b3731,,b1136,b0323,b3608,,b1261,,,,,
b0260,b0915,b0260,b0915,,b1637,Yes,b2838,Yes,,,,,,b0334,b3737,,b1208,b0331,b3623,,b1262,,,,,
b0261,b0918,b0261,b0918,,b1662,Yes,b2913,Yes,,,,,,b0336,b3738,,b1210,b0333,b3640,,b1263,,,,,
b0273,b0928,b0273,b0928,,b1713,Yes,b3008,Yes,,,,,,b0337,b3772,,b1215,b0334,b3650,,b1264,,,,,
b0306,b0954,b0306,b0954,,b1714,Yes,b3281,Yes,,,,,,b0339,b3793,,b1260,b0336,b3671,,b1277,,,,,
b0307,b1062,b0307,b1062,,b1719,Yes,b3360,Yes,,,,,,b0340,b3829,,b1261,b0337,b3709,,b1281,,,,,
b0308,b1091,b0308,b1091,,b1740,Yes,b3389,Yes,,,,,,b0341,b3833,,b1262,b0339,b3731,,b1288,,,,,
b0311,b1092,b0311,b1092,,b1779,Yes,b3607,Yes,,,,,,b0343,b3835,,b1263,b0340,b3733,,b1662,,,,,
b0312,b1093,b0312,b1093,,b1866,Yes,b3642,Yes,,,,,,b0344,b3870,,b1264,b0341,b3734,,b1693,,,,,
b0314,b1094,b0314,b1094,,b1876,Yes,b3731,Yes,,,,,,b0347,b3916,,b1277,b0343,b3735,,b1740,,,,,
b0323,b1096,b0323,b1096,,b1912,Yes,b3738,Yes,,,,,,b0348,b3940,,b1281,b0344,b3736,,b1812,,,,,
b0331,b1098,b0331,b1098,,b2114,Yes,b3771,Yes,,,,,,b0349,b3956,,b1288,b0347,b3738,,b2019,,,,,
b0333,b1131,b0333,b1131,,b2153,Yes,b3772,Yes,,,,,,b0350,b4041,,b1662,b0348,b3772,,b2020,,,,,
b0334,b1136,b0334,b1136,,b2234,Yes,b3774,Yes,,,,,,b0351,b4084,,b1740,b0349,b3793,,b2021,,,,,
b0336,b1208,b0336,b1208,,b2235,Yes,b3870,Yes,,,,,,b0352,b4226,,b1812,b0350,b3835,,b2022,,,,,
b0337,b1210,b0337,b1210,,b2315,Yes,b3939,Yes,,,,,,b0353,b4258,,b2019,b0351,b3870,,b2023,,,,,
b0339,b1215,b0339,b1215,,b2316,Yes,b3940,Yes,,,,,,b0355,b4388,,b2020,b0352,b3926,,b2024,,,,,
b0340,b1260,b0340,b1260,,b2323,Yes,b3941,Yes,,,,,,b0356,,,b2021,b0353,b3940,,b2025,,,,,
b0341,b1261,b0341,b1261,,b2400,Yes,b3956,Yes,,,,,,b0365,,,b2022,b0355,b3956,,b2026,,,,,
b0343,b1262,b0343,b1262,,b2411,Yes,b3957,Yes,,,,,,b0366,,,b2023,b0356,b4041,,b2153,,,,,
b0344,b1263,b0344,b1263,,b2472,Yes,b3960,Yes,,,,,,b0367,,,b2024,b0365,b4084,,b2312,,,,,
b0347,b1264,b0347,b1264,,b2478,Yes,b4005,Yes,,,,,,b0368,,,b2025,b0366,b4226,,b2315,,,,,
b0348,b1277,b0348,b1277,,b2514,Yes,b4006,Yes,,,,,,b0381,,,b2026,b0367,b4258,,b2316,,,,,
b0349,b1281,b0349,b1281,,b2515,Yes,b4013,Yes,,,,,,b0383,,,b2153,b0368,b4388,,b2320,,,,,
b0350,b1288,b0350,b1288,,b2533,Yes,b4177,Yes,,,,,,b0388,,,b2312,b0381,,,b2323,,,,,
b0351,b1415,b0351,b1415,,b2563,Yes,b4245,Yes,,,,,,b0394,,,b2315,b0383,,,b2329,,,,,
b0352,b1662,b0352,b1662,,b2585,Yes,b4388,Yes,,,,,,b0401,,,b2316,b0388,,,b2400,,,,,
b0353,b1693,b0353,b1693,,b2615,Yes,b0075,No,,,,,,b0403,,,b2320,b0394,,,b2472,,,,,
b0355,b1740,b0355,b1740,,b2746,Yes,b1275,No,,,,,,b0404,,,b2323,b0401,,,b2476,,,,,
b0356,b1812,b0356,b1812,,b2747,Yes,b3459,No,,,,,,b0411,,,b2329,b0403,,,b2478,,,,,
b0365,b2019,b0365,b2019,,b2779,Yes,b3828,No,,,,,,b0418,,,b2400,b0404,,,b2499,,,,,
b0366,b2020,b0366,b2020,,b2780,Yes,,,,,,,,b0425,,,b2472,b0411,,,b2507,,,,,
b0367,b2021,b0367,b2021,,b2925,Yes,,,,,,,,b0428,,,b2476,b0418,,,b2515,,,,,
b0368,b2022,b0368,b2022,,b2926,Yes,,,,,,,,b0429,,,b2478,b0425,,,b2530,,,,,
b0381,b2023,b0381,b2023,,b2942,Yes,,,,,,,,b0430,,,b2499,b0428,,,b2557,,,,,
b0383,b2024,b0383,b2024,,b3018,Yes,,,,,,,,b0431,,,b2507,b0429,,,b2564,,,,,
b0388,b2025,b0388,b2025,,b3041,Yes,,,,,,,,b0432,,,b2515,b0430,,,b2574,,,,,
b0394,b2026,b0394,b2026,,b3187,Yes,,,,,,,,b0433,,,b2530,b0431,,,b2585,,,,,
b0401,b2103,b0401,b2103,,b3189,Yes,,,,,,,,b0444,,,b2557,b0432,,,b2599,,,,,
b0403,b2153,b0403,b2153,,b3199,Yes,,,,,,,,b0446,,,b2564,b0433,,,b2600,,,,,
b0404,b2311,b0404,b2311,,b3200,Yes,,,,,,,,b0451,,,b2574,b0444,,,b2615,,,,,
b0411,b2312,b0411,b2312,,b3201,Yes,,,,,,,,b0452,,,b2585,b0446,,,b2746,,,,,
b0418,b2315,b0418,b2315,,b3255,Yes,,,,,,,,b0459,,,b2599,b0451,,,b2747,,,,,
b0425,b2316,b0425,b2316,,b3256,Yes,,,,,,,,b0462,,,b2600,b0452,,,b2750,,,,,
b0428,b2320,b0428,b2320,,b3288,Yes,,,,,,,,b0463,,,b2615,b0459,,,b2751,,,,,
b0429,b2323,b0429,b2323,,b3384,Yes,,,,,,,,b0469,,,b2746,b0462,,,b2752,,,,,
b0430,b2329,b0430,b2329,,b3433,Yes,,,,,,,,b0477,,,b2747,b0463,,,b2762,,,,,
b0431,b2400,b0431,b2400,,b3560,Yes,,,,,,,,b0480,,,b2750,b0469,,,b2763,,,,,
b0432,b2472,b0432,b2472,,b3608,Yes,,,,,,,,b0484,,,b2751,b0477,,,b2764,,,,,
b0433,b2476,b0433,b2476,,b3623,Yes,,,,,,,,b0485,,,b2762,b0480,,,b2780,,,,,
b0444,b2478,b0444,b2478,,b3633,Yes,,,,,,,,b0494,,,b2763,b0484,,,b2818,,,,,
b0446,b2499,b0446,b2499,,b3634,Yes,,,,,,,,b0505,,,b2764,b0485,,,b2827,,,,,
b0451,b2507,b0451,b2507,,b3639,Yes,,,,,,,,b0507,,,b2780,b0494,,,b2838,,,,,
b0452,b2515,b0452,b2515,,b3640,Yes,,,,,,,,b0508,,,b2818,b0505,,,b2942,,,,,
b0459,b2530,b0459,b2530,,b3648,Yes,,,,,,,,b0509,,,b2827,b0507,,,b3018,,,,,
b0462,b2557,b0462,b2557,,b3650,Yes,,,,,,,,b0511,,,b2838,b0508,,,b3041,,,,,
b0463,b2564,b0463,b2564,,b3709,Yes,,,,,,,,b0512,,,b2942,b0509,,,b3058,,,,,
b0469,b2574,b0469,b2574,,b3729,Yes,,,,,,,,b0514,,,b3018,b0511,,,b3177,,,,,
b0474,b2585,b0474,b2585,,b3730,Yes,,,,,,,,b0516,,,b3041,b0512,,,b3187,,,,,
b0477,b2599,b0477,b2599,,b3793,Yes,,,,,,,,b0517,,,b3172,b0514,,,b3189,,,,,
b0480,b2600,b0480,b2600,,b3804,Yes,,,,,,,,b0521,,,b3187,b0516,,,b3199,,,,,
b0484,b2615,b0484,b2615,,b3805,Yes,,,,,,,,b0572,,,b3189,b0517,,,b3200,,,,,
b0485,b2687,b0485,b2687,,b3835,Yes,,,,,,,,b0573,,,b3199,b0521,,,b3201,,,,,
b0494,b2746,b0494,b2746,,b3843,Yes,,,,,,,,b0574,,,b3200,b0572,,,b3255,,,,,
b0505,b2747,b0505,b2747,,b3850,Yes,,,,,,,,b0575,,,b3201,b0573,,,b3256,,,,,
b0507,b2750,b0507,b2750,,b3967,Yes,,,,,,,,b0576,,,b3255,b0574,,,b3360,,,,,
b0508,b2751,b0508,b2751,,b3972,Yes,,,,,,,,b0578,,,b3256,b0575,,,b3389,,,,,
b0509,b2752,b0509,b2752,,b4040,Yes,,,,,,,,b0584,,,b3360,b0576,,,b3433,,,,,
b0511,b2762,b0511,b2762,,b4041,Yes,,,,,,,,b0585,,,b3368,b0578,,,b3607,,,,,
b0512,b2763,b0512,b2763,,b4084,Yes,,,,,,,,b0586,,,b3389,b0584,,,b3633,,,,,
b0514,b2764,b0514,b2764,,b4160,Yes,,,,,,,,b0588,,,b3412,b0586,,,b3634,,,,,
b0516,b2780,b0516,b2780,,b4226,Yes,,,,,,,,b0589,,,b3433,b0588,,,b3639,,,,,
b0517,b2818,b0517,b2818,,b4258,Yes,,,,,,,,b0590,,,b3607,b0589,,,b3642,,,,,
b0521,b2827,b0521,b2827,,b4261,Yes,,,,,,,,b0591,,,b3608,b0590,,,b3648,,,,,
b0526,b2838,b0526,b2838,,b4262,Yes,,,,,,,,b0592,,,b3633,b0591,,,b3729,,,,,
b0529,b2942,b0529,b2942,,b0026,No,,,,,,,,b0593,,,b3634,b0592,,,b3730,,,,,
b0572,b3018,b0572,b3018,,b0027,No,,,,,,,,b0594,,,b3639,b0593,,,b3771,,,,,
b0573,b3040,b0573,b3040,,b0054,No,,,,,,,,b0595,,,b3642,b0594,,,b3774,,,,,
b0574,b3041,b0574,b3041,,b0057,No,,,,,,,,b0596,,,b3648,b0595,,,b3804,,,,,
b0575,b3058,b0575,b3058,,b0083,No,,,,,,,,b0604,,,b3729,b0596,,,b3805,,,,,
b0576,b3172,b0576,b3172,,b0089,No,,,,,,,,b0612,,,b3730,b0604,,,b3843,,,,,
b0578,b3176,b0578,b3176,,b0093,No,,,,,,,,b0613,,,b3770,b0612,,,b3850,,,,,
b0583,b3177,b0583,b3177,,b0094,No,,,,,,,,b0614,,,b3771,b0613,,,b3939,,,,,
b0584,b3187,b0584,b3187,,b0095,No,,,,,,,,b0615,,,b3774,b0614,,,b3941,,,,,
b0585,b3189,b0585,b3189,,b0097,No,,,,,,,,b0616,,,b3804,b0615,,,b3957,,,,,
b0586,b3196,b0586,b3196,,b0098,No,,,,,,,,b0617,,,b3805,b0616,,,b3960,,,,,
b0588,b3198,b0588,b3198,,b0103,No,,,,,,,,b0621,,,b3843,b0617,,,b3967,,,,,
b0589,b3199,b0589,b3199,,b0156,No,,,,,,,,b0622,,,b3850,b0621,,,b3972,,,,,
b0590,b3200,b0590,b3200,,b0168,No,,,,,,,,b0632,,,b3939,b0622,,,b4005,,,,,
b0591,b3201,b0591,b3201,,b0169,No,,,,,,,,b0638,,,b3941,b0628,,,b4006,,,,,
b0592,b3255,b0592,b3255,,b0170,No,,,,,,,,b0650,,,b3957,b0630,,,b4013,,,,,
b0593,b3256,b0593,b3256,,b0172,No,,,,,,,,b0651,,,b3958,b0632,,,b4040,,,,,
b0594,b3359,b0594,b3359,,b0176,No,,,,,,,,b0652,,,b3959,b0638,,,b4160,,,,,
b0595,b3360,b0595,b3360,,b0177,No,,,,,,,,b0653,,,b3960,b0650,,,b4177,,,,,
b0596,b3368,b0596,b3368,,b0184,No,,,,,,,,b0654,,,b3967,b0651,,,b4214,,,,,
b0604,b3389,b0604,b3389,,b0188,No,,,,,,,,b0655,,,b3972,b0652,,,b4245,,,,,
b0612,b3412,b0612,b3412,,b0270,No,,,,,,,,b0662,,,b4005,b0653,,,b4261,,,,,
b0613,b3433,b0613,b3433,,b0408,No,,,,,,,,b0674,,,b4006,b0654,,,b4262,,,,,
b0614,b3607,b0614,b3607,,b0409,No,,,,,,,,b0677,,,b4013,b0655,,,,,,,,
b0615,b3608,b0615,b3633,,b0470,No,,,,,,,,b0678,,,b4040,b0662,,,,,,,,
b0616,b3633,b0616,b3634,,b0634,No,,,,,,,,b0679,,,b4160,b0674,,,,,,,,
b0617,b3634,b0617,b3639,,b0640,No,,,,,,,,b0688,,,b4177,b0677,,,,,,,,
b0621,b3639,b0621,b3642,,b0641,No,,,,,,,,b0692,,,b4245,b0678,,,,,,,,
b0622,b3642,b0622,b3648,,b0884,No,,,,,,,,b0693,,,b4261,b0679,,,,,,,,
b0628,b3648,b0628,b3729,,b0890,No,,,,,,,,b0696,,,b4262,b0688,,,,,,,,
b0630,b3729,b0630,b3730,,b0891,No,,,,,,,,b0697,,,,b0692,,,,,,,,
b0632,b3730,b0632,b3770,,b0911,No,,,,,,,,b0698,,,,b0693,,,,,,,,
b0635,b3770,b0635,b3771,,b0922,No,,,,,,,,b0709,,,,b0696,,,,,,,,
b0638,b3771,b0638,b3774,,b0923,No,,,,,,,,b0721,,,,b0697,,,,,,,,
b0642,b3774,b0642,b3804,,b0924,No,,,,,,,,b0722,,,,b0698,,,,,,,,
b0650,b3804,b0650,b3805,,b1084,No,,,,,,,,b0723,,,,b0709,,,,,,,,
b0651,b3805,b0651,b3807,,b1085,No,,,,,,,,b0724,,,,b0721,,,,,,,,
b0652,b3807,b0652,b3809,,b1099,No,,,,,,,,b0726,,,,b0722,,,,,,,,
b0653,b3809,b0653,b3843,,b1116,No,,,,,,,,b0727,,,,b0723,,,,,,,,
b0654,b3843,b0654,b3850,,b1117,No,,,,,,,,b0728,,,,b0724,,,,,,,,
b0655,b3850,b0655,b3924,,b1118,No,,,,,,,,b0729,,,,b0726,,,,,,,,
b0657,b3924,b0657,b3939,,b1145,No,,,,,,,,b0731,,,,b0727,,,,,,,,
b0662,b3939,b0662,b3941,,b1174,No,,,,,,,,b0732,,,,b0728,,,,,,,,
b0674,b3941,b0674,b3957,,b1175,No,,,,,,,,b0734,,,,b0729,,,,,,,,
b0677,b3957,b0677,b3958,,b1204,No,,,,,,,,b0736,,,,b0731,,,,,,,,
b0678,b3958,b0678,b3959,,b1209,No,,,,,,,,b0751,,,,b0732,,,,,,,,
b0679,b3959,b0679,b3960,,b1211,No,,,,,,,,b0752,,,,b0734,,,,,,,,
b0680,b3960,b0680,b3967,,b1212,No,,,,,,,,b0754,,,,b0736,,,,,,,,
b0684,b3967,b0684,b3972,,b1274,No,,,,,,,,b0755,,,,b0751,,,,,,,,
b0688,b3972,b0688,b3974,,b1356,No,,,,,,,,b0756,,,,b0752,,,,,,,,
b0692,b3974,b0692,b3990,,b1570,No,,,,,,,,b0757,,,,b0754,,,,,,,,
b0693,b3990,b0693,b3991,,b1572,No,,,,,,,,b0758,,,,b0755,,,,,,,,
b0696,b3991,b0696,b3992,,b1689,No,,,,,,,,b0759,,,,b0756,,,,,,,,
b0697,b3992,b0697,b3993,,b1716,No,,,,,,,,b0763,,,,b0757,,,,,,,,
b0698,b3993,b0698,b3994,,b1718,No,,,,,,,,b0764,,,,b0758,,,,,,,,
b0709,b3994,b0709,b3997,,b1807,No,,,,,,,,b0765,,,,b0759,,,,,,,,
b0721,b3997,b0721,b4005,,b2017,No,,,,,,,,b0766,,,,b0763,,,,,,,,
b0722,b4005,b0722,b4006,,b2188,No,,,,,,,,b0767,,,,b0764,,,,,,,,
b0723,b4006,b0723,b4013,,b2231,No,,,,,,,,b0789,,,,b0765,,,,,,,,
b0724,b4013,b0724,b4039,,b2412,No,,,,,,,,b0805,,,,b0766,,,,,,,,
b0726,b4039,b0726,b4040,,b2511,No,,,,,,,,b0809,,,,b0767,,,,,,,,
b0727,b4040,b0727,b4160,,b2559,No,,,,,,,,b0810,,,,b0789,,,,,,,,
b0728,b4160,b0728,b4177,,b2566,No,,,,,,,,b0811,,,,b0805,,,,,,,,
b0729,b4177,b0729,b4214,,b2567,No,,,,,,,,b0813,,,,b0809,,,,,,,,
b0731,b4214,b0731,b4245,,b2568,No,,,,,,,,b0822,,,,b0810,,,,,,,,
b0732,b4245,b0732,b4261,,b2573,No,,,,,,,,b0825,,,,b0811,,,,,,,,
b0733,b4261,b0733,b4262,,b2595,No,,,,,,,,b0828,,,,b0813,,,,,,,,
b0734,b4262,b0734,b4407,,b2606,No,,,,,,,,b0829,,,,b0822,,,,,,,,
b0736,b4407,b0736,,,b2607,No,,,,,,,,b0830,,,,b0825,,,,,,,,
b0751,,b0751,,,b2609,No,,,,,,,,b0831,,,,b0828,,,,,,,,
b0752,,b0752,,,b2610,No,,,,,,,,b0832,,,,b0829,,,,,,,,
b0754,,b0754,,,b2614,No,,,,,,,,b0837,,,,b0830,,,,,,,,
b0755,,b0755,,,b2696,No,,,,,,,,b0839,,,,b0831,,,,,,,,
b0756,,b0756,,,b2697,No,,,,,,,,b0841,,,,b0832,,,,,,,,
b0757,,b0757,,,b2748,No,,,,,,,,b0842,,,,b0837,,,,,,,,
b0758,,b0758,,,b2783,No,,,,,,,,b0849,,,,b0839,,,,,,,,
b0759,,b0759,,,b2828,No,,,,,,,,b0854,,,,b0841,,,,,,,,
b0763,,b0763,,,b2891,No,,,,,,,,b0855,,,,b0842,,,,,,,,
b0764,,b0764,,,b2941,No,,,,,,,,b0856,,,,b0849,,,,,,,,
b0765,,b0765,,,b2949,No,,,,,,,,b0857,,,,b0854,,,,,,,,
b0766,,b0766,,,b3019,No,,,,,,,,b0860,,,,b0855,,,,,,,,
b0767,,b0767,,,b3021,No,,,,,,,,b0861,,,,b0856,,,,,,,,
b0789,,b0789,,,b3030,No,,,,,,,,b0862,,,,b0857,,,,,,,,
b0805,,b0805,,,b3056,No,,,,,,,,b0863,,,,b0860,,,,,,,,
b0809,,b0809,,,b3064,No,,,,,,,,b0864,,,,b0861,,,,,,,,
b0810,,b0810,,,b3066,No,,,,,,,,b0870,,,,b0862,,,,,,,,
b0811,,b0811,,,b3067,No,,,,,,,,b0871,,,,b0863,,,,,,,,
b0813,,b0813,,,b3113,No,,,,,,,,b0875,,,,b0864,,,,,,,,
b0822,,b0822,,,b3146,No,,,,,,,,b0887,,,,b0870,,,,,,,,
b0825,,b0825,,,b3159,No,,,,,,,,b0888,,,,b0871,,,,,,,,
b0828,,b0828,,,b3168,No,,,,,,,,b0894,,,,b0875,,,,,,,,
b0829,,b0829,,,b3169,No,,,,,,,,b0895,,,,b0887,,,,,,,,
b0830,,b0830,,,b3176,No,,,,,,,,b0896,,,,b0888,,,,,,,,
b0831,,b0831,,,b3178,No,,,,,,,,b0902,,,,b0894,,,,,,,,
b0832,,b0832,,,b3183,No,,,,,,,,b0903,,,,b0895,,,,,,,,
b0837,,b0837,,,b3185,No,,,,,,,,b0904,,,,b0896,,,,,,,,
b0839,,b0839,,,b3186,No,,,,,,,,b0910,,,,b0902,,,,,,,,
b0841,,b0841,,,b3191,No,,,,,,,,b0929,,,,b0903,,,,,,,,
b0842,,b0842,,,b3230,No,,,,,,,,b0931,,,,b0904,,,,,,,,
b0849,,b0849,,,b3231,No,,,,,,,,b0932,,,,b0910,,,,,,,,
b0854,,b0854,,,b3235,No,,,,,,,,b0933,,,,b0929,,,,,,,,
b0855,,b0855,,,b3249,No,,,,,,,,b0934,,,,b0931,,,,,,,,
b0856,,b0856,,,b3250,No,,,,,,,,b0935,,,,b0932,,,,,,,,
b0857,,b0857,,,b3251,No,,,,,,,,b0936,,,,b0933,,,,,,,,
b0860,,b0860,,,b3282,No,,,,,,,,b0937,,,,b0934,,,,,,,,
b0861,,b0861,,,b3287,No,,,,,,,,b0957,,,,b0935,,,,,,,,
b0862,,b0862,,,b3294,No,,,,,,,,b0963,,,,b0936,,,,,,,,
b0863,,b0863,,,b3295,No,,,,,,,,b0968,,,,b0937,,,,,,,,
b0864,,b0864,,,b3296,No,,,,,,,,b0972,,,,b0957,,,,,,,,
b0870,,b0870,,,b3297,No,,,,,,,,b0973,,,,b0963,,,,,,,,
b0871,,b0871,,,b3298,No,,,,,,,,b0974,,,,b0968,,,,,,,,
b0875,,b0875,,,b3300,No,,,,,,,,b0978,,,,b0972,,,,,,,,
b0886,,b0886,,,b3301,No,,,,,,,,b0979,,,,b0973,,,,,,,,
b0887,,b0887,,,b3302,No,,,,,,,,b0980,,,,b0974,,,,,,,,
b0888,,b0888,,,b3303,No,,,,,,,,b0996,,,,b0978,,,,,,,,
b0893,,b0893,,,b3304,No,,,,,,,,b0997,,,,b0979,,,,,,,,
b0894,,b0894,,,b3305,No,,,,,,,,b1002,,,,b0980,,,,,,,,
b0895,,b0895,,,b3306,No,,,,,,,,b1006,,,,b0996,,,,,,,,
b0896,,b0896,,,b3307,No,,,,,,,,b1007,,,,b0997,,,,,,,,
b0902,,b0902,,,b3308,No,,,,,,,,b1008,,,,b1002,,,,,,,,
b0903,,b0903,,,b3309,No,,,,,,,,b1009,,,,b1006,,,,,,,,
b0904,,b0904,,,b3310,No,,,,,,,,b1010,,,,b1007,,,,,,,,
b0910,,b0910,,,b3311,No,,,,,,,,b1011,,,,b1008,,,,,,,,
b0929,,b0929,,,b3312,No,,,,,,,,b1012,,,,b1009,,,,,,,,
b0930,,b0930,,,b3313,No,,,,,,,,b1014,,,,b1010,,,,,,,,
b0931,,b0931,,,b3314,No,,,,,,,,b1015,,,,b1011,,,,,,,,
b0932,,b0932,,,b3315,No,,,,,,,,b1033,,,,b1012,,,,,,,,
b0933,,b0933,,,b3316,No,,,,,,,,b1054,,,,b1014,,,,,,,,
b0934,,b0934,,,b3317,No,,,,,,,,b1059,,,,b1015,,,,,,,,
b0935,,b0935,,,b3318,No,,,,,,,,b1064,,,,b1033,,,,,,,,
b0936,,b0936,,,b3319,No,,,,,,,,b1090,,,,b1054,,,,,,,,
b0937,,b0937,,,b3320,No,,,,,,,,b1095,,,,b1059,,,,,,,,
b0945,,b0945,,,b3321,No,,,,,,,,b1101,,,,b1064,,,,,,,,
b0957,,b0957,,,b3340,No,,,,,,,,b1102,,,,b1090,,,,,,,,
b0963,,b0963,,,b3341,No,,,,,,,,b1106,,,,b1095,,,,,,,,
b0968,,b0968,,,b3342,No,,,,,,,,b1107,,,,b1101,,,,,,,,
b0972,,b0972,,,b3398,No,,,,,,,,b1109,,,,b1102,,,,,,,,
b0973,,b0973,,,b3461,No,,,,,,,,b1119,,,,b1106,,,,,,,,
b0974,,b0974,,,b3462,No,,,,,,,,b1123,,,,b1107,,,,,,,,
b0978,,b0978,,,b3463,No,,,,,,,,b1124,,,,b1109,,,,,,,,
b0979,,b0979,,,b3464,No,,,,,,,,b1125,,,,b1119,,,,,,,,
b0980,,b0980,,,b3471,No,,,,,,,,b1126,,,,b1123,,,,,,,,
b0996,,b0996,,,b3532,No,,,,,,,,b1134,,,,b1124,,,,,,,,
b0997,,b0997,,,b3559,No,,,,,,,,b1185,,,,b1125,,,,,,,,
b1002,,b1002,,,b3595,No,,,,,,,,b1186,,,,b1126,,,,,,,,
b1006,,b1006,,,b3637,No,,,,,,,,b1189,,,,b1134,,,,,,,,
b1007,,b1007,,,b3699,No,,,,,,,,b1190,,,,b1185,,,,,,,,
b1008,,b1008,,,b3701,No,,,,,,,,b1192,,,,b1186,,,,,,,,
b1009,,b1009,,,b3702,No,,,,,,,,b1193,,,,b1189,,,,,,,,
b1010,,b1010,,,b3703,No,,,,,,,,b1197,,,,b1190,,,,,,,,
b1011,,b1011,,,b3704,No,,,,,,,,b1198,,,,b1192,,,,,,,,
b1012,,b1012,,,b3705,No,,,,,,,,b1199,,,,b1193,,,,,,,,
b1014,,b1014,,,b3783,No,,,,,,,,b1200,,,,b1197,,,,,,,,
b1015,,b1015,,,b3834,No,,,,,,,,b1206,,,,b1198,,,,,,,,
b1033,,b1033,,,b3863,No,,,,,,,,b1216,,,,b1199,,,,,,,,
b1054,,b1054,,,b3865,No,,,,,,,,b1223,,,,b1200,,,,,,,,
b1059,,b1059,,,b3933,No,,,,,,,,b1224,,,,b1206,,,,,,,,
b1064,,b1064,,,b3947,No,,,,,,,,b1225,,,,b1216,,,,,,,,
b1069,,b1069,,,b3973,No,,,,,,,,b1226,,,,b1223,,,,,,,,
b1090,,b1090,,,b3981,No,,,,,,,,b1227,,,,b1224,,,,,,,,
b1095,,b1095,,,b3982,No,,,,,,,,b1232,,,,b1225,,,,,,,,
b1101,,b1101,,,b3985,No,,,,,,,,b1236,,,,b1226,,,,,,,,
b1102,,b1102,,,b3986,No,,,,,,,,b1238,,,,b1227,,,,,,,,
b1106,,b1106,,,b3987,No,,,,,,,,b1241,,,,b1232,,,,,,,,
b1107,,b1107,,,b3988,No,,,,,,,,b1243,,,,b1236,,,,,,,,
b1109,,b1109,,,b4043,No,,,,,,,,b1244,,,,b1238,,,,,,,,
b1119,,b1119,,,b4052,No,,,,,,,,b1245,,,,b1241,,,,,,,,
b1123,,b1123,,,b4059,No,,,,,,,,b1246,,,,b1243,,,,,,,,
b1124,,b1124,,,b4142,No,,,,,,,,b1247,,,,b1244,,,,,,,,
b1125,,b1125,,,b4143,No,,,,,,,,b1249,,,,b1245,,,,,,,,
b1126,,b1126,,,b4162,No,,,,,,,,b1250,,,,b1246,,,,,,,,
b1134,,b1134,,,b4168,No,,,,,,,,b1252,,,,b1247,,,,,,,,
b1185,,b1185,,,b4202,No,,,,,,,,b1270,,,,b1249,,,,,,,,
b1186,,b1186,,,b4224,No,,,,,,,,b1276,,,,b1250,,,,,,,,
b1189,,b1189,,,b4361,No,,,,,,,,b1278,,,,b1252,,,,,,,,
b1190,,b1190,,,b4503,No,,,,,,,,b1291,,,,b1270,,,,,,,,
b1192,,b1192,,,,,,,,,,,,b1296,,,,b1276,,,,,,,,
b1193,,b1193,,,,,,,,,,,,b1297,,,,b1278,,,,,,,,
b1197,,b1197,,,,,,,,,,,,b1298,,,,b1291,,,,,,,,
b1198,,b1198,,,,,,,,,,,,b1300,,,,b1296,,,,,,,,
b1199,,b1199,,,,,,,,,,,,b1301,,,,b1297,,,,,,,,
b1200,,b1200,,,,,,,,,,,,b1302,,,,b1298,,,,,,,,
b1206,,b1206,,,,,,,,,,,,b1308,,,,b1300,,,,,,,,
b1207,,b1207,,,,,,,,,,,,b1319,,,,b1301,,,,,,,,
b1216,,b1216,,,,,,,,,,,,b1325,,,,b1302,,,,,,,,
b1223,,b1223,,,,,,,,,,,,b1326,,,,b1308,,,,,,,,
b1224,,b1224,,,,,,,,,,,,b1329,,,,b1319,,,,,,,,
b1225,,b1225,,,,,,,,,,,,b1363,,,,b1325,,,,,,,,
b1226,,b1226,,,,,,,,,,,,b1377,,,,b1326,,,,,,,,
b1227,,b1227,,,,,,,,,,,,b1378,,,,b1329,,,,,,,,
b1232,,b1232,,,,,,,,,,,,b1380,,,,b1363,,,,,,,,
b1236,,b1236,,,,,,,,,,,,b1385,,,,b1377,,,,,,,,
b1238,,b1238,,,,,,,,,,,,b1386,,,,b1378,,,,,,,,
b1241,,b1241,,,,,,,,,,,,b1387,,,,b1380,,,,,,,,
b1243,,b1243,,,,,,,,,,,,b1388,,,,b1385,,,,,,,,
b1244,,b1244,,,,,,,,,,,,b1389,,,,b1386,,,,,,,,
b1245,,b1245,,,,,,,,,,,,b1390,,,,b1387,,,,,,,,
b1246,,b1246,,,,,,,,,,,,b1391,,,,b1388,,,,,,,,
b1247,,b1247,,,,,,,,,,,,b1392,,,,b1389,,,,,,,,
b1249,,b1249,,,,,,,,,,,,b1393,,,,b1390,,,,,,,,
b1250,,b1250,,,,,,,,,,,,b1394,,,,b1391,,,,,,,,
b1252,,b1252,,,,,,,,,,,,b1395,,,,b1392,,,,,,,,
b1270,,b1270,,,,,,,,,,,,b1397,,,,b1393,,,,,,,,
b1276,,b1276,,,,,,,,,,,,b1398,,,,b1394,,,,,,,,
b1278,,b1278,,,,,,,,,,,,b1440,,,,b1395,,,,,,,,
b1291,,b1291,,,,,,,,,,,,b1441,,,,b1397,,,,,,,,
b1296,,b1296,,,,,,,,,,,,b1442,,,,b1398,,,,,,,,
b1297,,b1297,,,,,,,,,,,,b1443,,,,b1440,,,,,,,,
b1298,,b1298,,,,,,,,,,,,b1444,,,,b1441,,,,,,,,
b1300,,b1300,,,,,,,,,,,,b1453,,,,b1442,,,,,,,,
b1301,,b1301,,,,,,,,,,,,b1463,,,,b1443,,,,,,,,
b1302,,b1302,,,,,,,,,,,,b1465,,,,b1444,,,,,,,,
b1308,,b1308,,,,,,,,,,,,b1466,,,,b1453,,,,,,,,
b1319,,b1319,,,,,,,,,,,,b1467,,,,b1463,,,,,,,,
b1325,,b1325,,,,,,,,,,,,b1468,,,,b1465,,,,,,,,
b1326,,b1326,,,,,,,,,,,,b1469,,,,b1466,,,,,,,,
b1329,,b1329,,,,,,,,,,,,b1473,,,,b1467,,,,,,,,
b1363,,b1363,,,,,,,,,,,,b1474,,,,b1468,,,,,,,,
b1377,,b1377,,,,,,,,,,,,b1475,,,,b1469,,,,,,,,
b1378,,b1378,,,,,,,,,,,,b1476,,,,b1473,,,,,,,,
b1380,,b1380,,,,,,,,,,,,b1478,,,,b1474,,,,,,,,
b1385,,b1385,,,,,,,,,,,,b1479,,,,b1475,,,,,,,,
b1386,,b1386,,,,,,,,,,,,b1483,,,,b1476,,,,,,,,
b1387,,b1387,,,,,,,,,,,,b1484,,,,b1478,,,,,,,,
b1388,,b1388,,,,,,,,,,,,b1485,,,,b1479,,,,,,,,
b1389,,b1389,,,,,,,,,,,,b1486,,,,b1483,,,,,,,,
b1390,,b1390,,,,,,,,,,,,b1487,,,,b1484,,,,,,,,
b1391,,b1391,,,,,,,,,,,,b1488,,,,b1485,,,,,,,,
b1392,,b1392,,,,,,,,,,,,b1489,,,,b1486,,,,,,,,
b1393,,b1393,,,,,,,,,,,,b1492,,,,b1487,,,,,,,,
b1394,,b1394,,,,,,,,,,,,b1493,,,,b1488,,,,,,,,
b1395,,b1395,,,,,,,,,,,,b1519,,,,b1489,,,,,,,,
b1397,,b1397,,,,,,,,,,,,b1521,,,,b1492,,,,,,,,
b1398,,b1398,,,,,,,,,,,,b1524,,,,b1493,,,,,,,,
b1440,,b1440,,,,,,,,,,,,b1525,,,,b1519,,,,,,,,
b1441,,b1441,,,,,,,,,,,,b1528,,,,b1521,,,,,,,,
b1442,,b1442,,,,,,,,,,,,b1533,,,,b1524,,,,,,,,
b1443,,b1443,,,,,,,,,,,,b1539,,,,b1525,,,,,,,,
b1444,,b1444,,,,,,,,,,,,b1584,,,,b1528,,,,,,,,
b1453,,b1453,,,,,,,,,,,,b1587,,,,b1533,,,,,,,,
b1463,,b1463,,,,,,,,,,,,b1588,,,,b1539,,,,,,,,
b1465,,b1465,,,,,,,,,,,,b1589,,,,b1584,,,,,,,,
b1466,,b1466,,,,,,,,,,,,b1590,,,,b1587,,,,,,,,
b1467,,b1467,,,,,,,,,,,,b1592,,,,b1588,,,,,,,,
b1468,,b1468,,,,,,,,,,,,b1599,,,,b1589,,,,,,,,
b1469,,b1469,,,,,,,,,,,,b1600,,,,b1590,,,,,,,,
b1473,,b1473,,,,,,,,,,,,b1602,,,,b1592,,,,,,,,
b1474,,b1474,,,,,,,,,,,,b1603,,,,b1599,,,,,,,,
b1475,,b1475,,,,,,,,,,,,b1605,,,,b1600,,,,,,,,
b1476,,b1476,,,,,,,,,,,,b1606,,,,b1602,,,,,,,,
b1478,,b1478,,,,,,,,,,,,b1611,,,,b1603,,,,,,,,
b1479,,b1479,,,,,,,,,,,,b1612,,,,b1605,,,,,,,,
b1483,,b1483,,,,,,,,,,,,b1613,,,,b1606,,,,,,,,
b1484,,b1484,,,,,,,,,,,,b1621,,,,b1611,,,,,,,,
b1485,,b1485,,,,,,,,,,,,b1622,,,,b1612,,,,,,,,
b1486,,b1486,,,,,,,,,,,,b1623,,,,b1613,,,,,,,,
b1487,,b1487,,,,,,,,,,,,b1634,,,,b1621,,,,,,,,
b1488,,b1488,,,,,,,,,,,,b1636,,,,b1622,,,,,,,,
b1489,,b1489,,,,,,,,,,,,b1640,,,,b1623,,,,,,,,
b1492,,b1492,,,,,,,,,,,,b1646,,,,b1634,,,,,,,,
b1493,,b1493,,,,,,,,,,,,b1651,,,,b1636,,,,,,,,
b1519,,b1519,,,,,,,,,,,,b1654,,,,b1640,,,,,,,,
b1521,,b1521,,,,,,,,,,,,b1656,,,,b1646,,,,,,,,
b1524,,b1524,,,,,,,,,,,,b1661,,,,b1651,,,,,,,,
b1525,,b1525,,,,,,,,,,,,b1676,,,,b1654,,,,,,,,
b1528,,b1528,,,,,,,,,,,,b1677,,,,b1656,,,,,,,,
b1533,,b1533,,,,,,,,,,,,b1679,,,,b1661,,,,,,,,
b1539,,b1539,,,,,,,,,,,,b1680,,,,b1676,,,,,,,,
b1584,,b1584,,,,,,,,,,,,b1681,,,,b1677,,,,,,,,
b1587,,b1587,,,,,,,,,,,,b1682,,,,b1679,,,,,,,,
b1588,,b1588,,,,,,,,,,,,b1683,,,,b1680,,,,,,,,
b1589,,b1589,,,,,,,,,,,,b1684,,,,b1681,,,,,,,,
b1590,,b1590,,,,,,,,,,,,b1692,,,,b1682,,,,,,,,
b1592,,b1592,,,,,,,,,,,,b1701,,,,b1683,,,,,,,,
b1599,,b1599,,,,,,,,,,,,b1702,,,,b1684,,,,,,,,
b1600,,b1600,,,,,,,,,,,,b1704,,,,b1692,,,,,,,,
b1602,,b1602,,,,,,,,,,,,b1709,,,,b1701,,,,,,,,
b1603,,b1603,,,,,,,,,,,,b1710,,,,b1702,,,,,,,,
b1605,,b1605,,,,,,,,,,,,b1711,,,,b1704,,,,,,,,
b1606,,b1606,,,,,,,,,,,,b1723,,,,b1709,,,,,,,,
b1611,,b1611,,,,,,,,,,,,b1732,,,,b1710,,,,,,,,
b1612,,b1612,,,,,,,,,,,,b1734,,,,b1711,,,,,,,,
b1613,,b1613,,,,,,,,,,,,b1744,,,,b1723,,,,,,,,
b1621,,b1621,,,,,,,,,,,,b1745,,,,b1732,,,,,,,,
b1622,,b1622,,,,,,,,,,,,b1746,,,,b1734,,,,,,,,
b1623,,b1623,,,,,,,,,,,,b1747,,,,b1744,,,,,,,,
b1634,,b1634,,,,,,,,,,,,b1748,,,,b1745,,,,,,,,
b1636,,b1636,,,,,,,,,,,,b1759,,,,b1746,,,,,,,,
b1637,,b1637,,,,,,,,,,,,b1761,,,,b1747,,,,,,,,
b1638,,b1638,,,,,,,,,,,,b1764,,,,b1748,,,,,,,,
b1640,,b1640,,,,,,,,,,,,b1767,,,,b1759,,,,,,,,
b1646,,b1646,,,,,,,,,,,,b1768,,,,b1761,,,,,,,,
b1651,,b1651,,,,,,,,,,,,b1773,,,,b1764,,,,,,,,
b1654,,b1654,,,,,,,,,,,,b1778,,,,b1767,,,,,,,,
b1656,,b1656,,,,,,,,,,,,b1781,,,,b1768,,,,,,,,
b1661,,b1661,,,,,,,,,,,,b1800,,,,b1773,,,,,,,,
b1676,,b1676,,,,,,,,,,,,b1801,,,,b1778,,,,,,,,
b1677,,b1677,,,,,,,,,,,,b1805,,,,b1781,,,,,,,,
b1679,,b1679,,,,,,,,,,,,b1814,,,,b1800,,,,,,,,
b1680,,b1680,,,,,,,,,,,,b1817,,,,b1801,,,,,,,,
b1681,,b1681,,,,,,,,,,,,b1818,,,,b1805,,,,,,,,
b1682,,b1682,,,,,,,,,,,,b1819,,,,b1814,,,,,,,,
b1683,,b1683,,,,,,,,,,,,b1849,,,,b1817,,,,,,,,
b1684,,b1684,,,,,,,,,,,,b1850,,,,b1818,,,,,,,,
b1692,,b1692,,,,,,,,,,,,b1851,,,,b1819,,,,,,,,
b1701,,b1701,,,,,,,,,,,,b1852,,,,b1849,,,,,,,,
b1702,,b1702,,,,,,,,,,,,b1854,,,,b1850,,,,,,,,
b1704,,b1704,,,,,,,,,,,,b1855,,,,b1851,,,,,,,,
b1709,,b1709,,,,,,,,,,,,b1857,,,,b1852,,,,,,,,
b1710,,b1710,,,,,,,,,,,,b1858,,,,b1854,,,,,,,,
b1711,,b1711,,,,,,,,,,,,b1859,,,,b1855,,,,,,,,
b1713,,b1713,,,,,,,,,,,,b1865,,,,b1857,,,,,,,,
b1714,,b1714,,,,,,,,,,,,b1872,,,,b1858,,,,,,,,
b1719,,b1719,,,,,,,,,,,,b1873,,,,b1859,,,,,,,,
b1723,,b1723,,,,,,,,,,,,b1896,,,,b1865,,,,,,,,
b1732,,b1732,,,,,,,,,,,,b1897,,,,b1872,,,,,,,,
b1734,,b1734,,,,,,,,,,,,b1900,,,,b1873,,,,,,,,
b1744,,b1744,,,,,,,,,,,,b1901,,,,b1896,,,,,,,,
b1745,,b1745,,,,,,,,,,,,b1907,,,,b1897,,,,,,,,
b1746,,b1746,,,,,,,,,,,,b1919,,,,b1900,,,,,,,,
b1747,,b1747,,,,,,,,,,,,b1927,,,,b1901,,,,,,,,
b1748,,b1748,,,,,,,,,,,,b1981,,,,b1907,,,,,,,,
b1759,,b1759,,,,,,,,,,,,b1982,,,,b1919,,,,,,,,
b1761,,b1761,,,,,,,,,,,,b1991,,,,b1927,,,,,,,,
b1764,,b1764,,,,,,,,,,,,b1992,,,,b1981,,,,,,,,
b1767,,b1767,,,,,,,,,,,,b1993,,,,b1982,,,,,,,,
b1768,,b1768,,,,,,,,,,,,b2010,,,,b1991,,,,,,,,
b1773,,b1773,,,,,,,,,,,,b2027,,,,b1992,,,,,,,,
b1778,,b1778,,,,,,,,,,,,b2028,,,,b1993,,,,,,,,
b1779,,b1779,,,,,,,,,,,,b2029,,,,b2010,,,,,,,,
b1781,,b1781,,,,,,,,,,,,b2032,,,,b2027,,,,,,,,
b1800,,b1800,,,,,,,,,,,,b2033,,,,b2028,,,,,,,,
b1801,,b1801,,,,,,,,,,,,b2034,,,,b2029,,,,,,,,
b1805,,b1805,,,,,,,,,,,,b2035,,,,b2032,,,,,,,,
b1814,,b1814,,,,,,,,,,,,b2036,,,,b2033,,,,,,,,
b1817,,b1817,,,,,,,,,,,,b2037,,,,b2034,,,,,,,,
b1818,,b1818,,,,,,,,,,,,b2038,,,,b2035,,,,,,,,
b1819,,b1819,,,,,,,,,,,,b2039,,,,b2036,,,,,,,,
b1849,,b1849,,,,,,,,,,,,b2040,,,,b2037,,,,,,,,
b1850,,b1850,,,,,,,,,,,,b2041,,,,b2038,,,,,,,,
b1851,,b1851,,,,,,,,,,,,b2045,,,,b2039,,,,,,,,
b1852,,b1852,,,,,,,,,,,,b2048,,,,b2040,,,,,,,,
b1854,,b1854,,,,,,,,,,,,b2049,,,,b2041,,,,,,,,
b1855,,b1855,,,,,,,,,,,,b2051,,,,b2045,,,,,,,,
b1857,,b1857,,,,,,,,,,,,b2052,,,,b2048,,,,,,,,
b1858,,b1858,,,,,,,,,,,,b2053,,,,b2049,,,,,,,,
b1859,,b1859,,,,,,,,,,,,b2065,,,,b2051,,,,,,,,
b1865,,b1865,,,,,,,,,,,,b2066,,,,b2052,,,,,,,,
b1866,,b1866,,,,,,,,,,,,b2091,,,,b2053,,,,,,,,
b1872,,b1872,,,,,,,,,,,,b2092,,,,b2065,,,,,,,,
b1873,,b1873,,,,,,,,,,,,b2093,,,,b2066,,,,,,,,
b1876,,b1876,,,,,,,,,,,,b2094,,,,b2091,,,,,,,,
b1896,,b1896,,,,,,,,,,,,b2095,,,,b2092,,,,,,,,
b1897,,b1897,,,,,,,,,,,,b2096,,,,b2093,,,,,,,,
b1900,,b1900,,,,,,,,,,,,b2097,,,,b2094,,,,,,,,
b1901,,b1901,,,,,,,,,,,,b2104,,,,b2095,,,,,,,,
b1907,,b1907,,,,,,,,,,,,b2128,,,,b2096,,,,,,,,
b1912,,b1912,,,,,,,,,,,,b2129,,,,b2097,,,,,,,,
b1919,,b1919,,,,,,,,,,,,b2130,,,,b2104,,,,,,,,
b1927,,b1927,,,,,,,,,,,,b2131,,,,b2128,,,,,,,,
b1981,,b1981,,,,,,,,,,,,b2132,,,,b2129,,,,,,,,
b1982,,b1982,,,,,,,,,,,,b2133,,,,b2130,,,,,,,,
b1991,,b1991,,,,,,,,,,,,b2134,,,,b2131,,,,,,,,
b1992,,b1992,,,,,,,,,,,,b2143,,,,b2132,,,,,,,,
b1993,,b1993,,,,,,,,,,,,b2146,,,,b2133,,,,,,,,
b2010,,b2010,,,,,,,,,,,,b2147,,,,b2134,,,,,,,,
b2027,,b2027,,,,,,,,,,,,b2148,,,,b2143,,,,,,,,
b2028,,b2028,,,,,,,,,,,,b2149,,,,b2146,,,,,,,,
b2029,,b2029,,,,,,,,,,,,b2150,,,,b2147,,,,,,,,
b2032,,b2032,,,,,,,,,,,,b2154,,,,b2148,,,,,,,,
b2033,,b2033,,,,,,,,,,,,b2155,,,,b2149,,,,,,,,
b2034,,b2034,,,,,,,,,,,,b2156,,,,b2150,,,,,,,,
b2035,,b2035,,,,,,,,,,,,b2162,,,,b2154,,,,,,,,
b2036,,b2036,,,,,,,,,,,,b2167,,,,b2155,,,,,,,,
b2037,,b2037,,,,,,,,,,,,b2168,,,,b2156,,,,,,,,
b2038,,b2038,,,,,,,,,,,,b2169,,,,b2162,,,,,,,,
b2039,,b2039,,,,,,,,,,,,b2170,,,,b2167,,,,,,,,
b2040,,b2040,,,,,,,,,,,,b2174,,,,b2168,,,,,,,,
b2041,,b2041,,,,,,,,,,,,b2197,,,,b2169,,,,,,,,
b2045,,b2045,,,,,,,,,,,,b2198,,,,b2170,,,,,,,,
b2048,,b2048,,,,,,,,,,,,b2199,,,,b2174,,,,,,,,
b2049,,b2049,,,,,,,,,,,,b2200,,,,b2197,,,,,,,,
b2051,,b2051,,,,,,,,,,,,b2201,,,,b2198,,,,,,,,
b2052,,b2052,,,,,,,,,,,,b2202,,,,b2199,,,,,,,,
b2053,,b2053,,,,,,,,,,,,b2203,,,,b2200,,,,,,,,
b2065,,b2065,,,,,,,,,,,,b2204,,,,b2201,,,,,,,,
b2066,,b2066,,,,,,,,,,,,b2205,,,,b2202,,,,,,,,
b2091,,b2091,,,,,,,,,,,,b2206,,,,b2203,,,,,,,,
b2092,,b2092,,,,,,,,,,,,b2210,,,,b2204,,,,,,,,
b2093,,b2093,,,,,,,,,,,,b2215,,,,b2205,,,,,,,,
b2094,,b2094,,,,,,,,,,,,b2221,,,,b2206,,,,,,,,
b2095,,b2095,,,,,,,,,,,,b2222,,,,b2210,,,,,,,,
b2096,,b2096,,,,,,,,,,,,b2223,,,,b2215,,,,,,,,
b2097,,b2097,,,,,,,,,,,,b2224,,,,b2221,,,,,,,,
b2104,,b2104,,,,,,,,,,,,b2232,,,,b2222,,,,,,,,
b2114,,b2114,,,,,,,,,,,,b2239,,,,b2223,,,,,,,,
b2128,,b2128,,,,,,,,,,,,b2240,,,,b2224,,,,,,,,
b2129,,b2129,,,,,,,,,,,,b2241,,,,b2239,,,,,,,,
b2130,,b2130,,,,,,,,,,,,b2242,,,,b2240,,,,,,,,
b2131,,b2131,,,,,,,,,,,,b2243,,,,b2241,,,,,,,,
b2132,,b2132,,,,,,,,,,,,b2251,,,,b2242,,,,,,,,
b2133,,b2133,,,,,,,,,,,,b2253,,,,b2243,,,,,,,,
b2134,,b2134,,,,,,,,,,,,b2254,,,,b2251,,,,,,,,
b2143,,b2143,,,,,,,,,,,,b2255,,,,b2253,,,,,,,,
b2146,,b2146,,,,,,,,,,,,b2256,,,,b2254,,,,,,,,
b2147,,b2147,,,,,,,,,,,,b2257,,,,b2255,,,,,,,,
b2148,,b2148,,,,,,,,,,,,b2258,,,,b2256,,,,,,,,
b2149,,b2149,,,,,,,,,,,,b2260,,,,b2257,,,,,,,,
b2150,,b2150,,,,,,,,,,,,b2261,,,,b2258,,,,,,,,
b2154,,b2154,,,,,,,,,,,,b2262,,,,b2260,,,,,,,,
b2155,,b2155,,,,,,,,,,,,b2263,,,,b2261,,,,,,,,
b2156,,b2156,,,,,,,,,,,,b2264,,,,b2262,,,,,,,,
b2162,,b2162,,,,,,,,,,,,b2265,,,,b2263,,,,,,,,
b2167,,b2167,,,,,,,,,,,,b2276,,,,b2264,,,,,,,,
b2168,,b2168,,,,,,,,,,,,b2277,,,,b2265,,,,,,,,
b2169,,b2169,,,,,,,,,,,,b2278,,,,b2276,,,,,,,,
b2170,,b2170,,,,,,,,,,,,b2279,,,,b2277,,,,,,,,
b2174,,b2174,,,,,,,,,,,,b2280,,,,b2278,,,,,,,,
b2197,,b2197,,,,,,,,,,,,b2281,,,,b2279,,,,,,,,
b2198,,b2198,,,,,,,,,,,,b2282,,,,b2280,,,,,,,,
b2199,,b2199,,,,,,,,,,,,b2283,,,,b2281,,,,,,,,
b2200,,b2200,,,,,,,,,,,,b2284,,,,b2282,,,,,,,,
b2201,,b2201,,,,,,,,,,,,b2285,,,,b2283,,,,,,,,
b2202,,b2202,,,,,,,,,,,,b2286,,,,b2284,,,,,,,,
b2203,,b2203,,,,,,,,,,,,b2287,,,,b2285,,,,,,,,
b2204,,b2204,,,,,,,,,,,,b2288,,,,b2286,,,,,,,,
b2205,,b2205,,,,,,,,,,,,b2290,,,,b2287,,,,,,,,
b2206,,b2206,,,,,,,,,,,,b2291,,,,b2288,,,,,,,,
b2210,,b2210,,,,,,,,,,,,b2296,,,,b2290,,,,,,,,
b2215,,b2215,,,,,,,,,,,,b2297,,,,b2291,,,,,,,,
b2221,,b2221,,,,,,,,,,,,b2303,,,,b2296,,,,,,,,
b2222,,b2222,,,,,,,,,,,,b2306,,,,b2297,,,,,,,,
b2223,,b2223,,,,,,,,,,,,b2307,,,,b2303,,,,,,,,
b2224,,b2224,,,,,,,,,,,,b2308,,,,b2306,,,,,,,,
b2232,,b2232,,,,,,,,,,,,b2309,,,,b2307,,,,,,,,
b2234,,b2234,,,,,,,,,,,,b2310,,,,b2308,,,,,,,,
b2235,,b2235,,,,,,,,,,,,b2328,,,,b2309,,,,,,,,
b2239,,b2239,,,,,,,,,,,,b2341,,,,b2310,,,,,,,,
b2240,,b2240,,,,,,,,,,,,b2342,,,,b2328,,,,,,,,
b2241,,b2241,,,,,,,,,,,,b2344,,,,b2341,,,,,,,,
b2242,,b2242,,,,,,,,,,,,b2366,,,,b2342,,,,,,,,
b2243,,b2243,,,,,,,,,,,,b2373,,,,b2344,,,,,,,,
b2251,,b2251,,,,,,,,,,,,b2374,,,,b2366,,,,,,,,
b2253,,b2253,,,,,,,,,,,,b2378,,,,b2373,,,,,,,,
b2254,,b2254,,,,,,,,,,,,b2379,,,,b2374,,,,,,,,
b2255,,b2255,,,,,,,,,,,,b2388,,,,b2378,,,,,,,,
b2256,,b2256,,,,,,,,,,,,b2392,,,,b2379,,,,,,,,
b2257,,b2257,,,,,,,,,,,,b2393,,,,b2388,,,,,,,,
b2258,,b2258,,,,,,,,,,,,b2406,,,,b2392,,,,,,,,
b2260,,b2260,,,,,,,,,,,,b2407,,,,b2393,,,,,,,,
b2261,,b2261,,,,,,,,,,,,b2414,,,,b2406,,,,,,,,
b2262,,b2262,,,,,,,,,,,,b2417,,,,b2407,,,,,,,,
b2263,,b2263,,,,,,,,,,,,b2418,,,,b2415,,,,,,,,
b2264,,b2264,,,,,,,,,,,,b2421,,,,b2418,,,,,,,,
b2265,,b2265,,,,,,,,,,,,b2422,,,,b2421,,,,,,,,
b2276,,b2276,,,,,,,,,,,,b2423,,,,b2423,,,,,,,,
b2277,,b2277,,,,,,,,,,,,b2424,,,,b2428,,,,,,,,
b2278,,b2278,,,,,,,,,,,,b2425,,,,b2429,,,,,,,,
b2279,,b2279,,,,,,,,,,,,b2428,,,,b2435,,,,,,,,
b2280,,b2280,,,,,,,,,,,,b2429,,,,b2436,,,,,,,,
b2281,,b2281,,,,,,,,,,,,b2435,,,,b2440,,,,,,,,
b2282,,b2282,,,,,,,,,,,,b2436,,,,b2441,,,,,,,,
b2283,,b2283,,,,,,,,,,,,b2440,,,,b2458,,,,,,,,
b2284,,b2284,,,,,,,,,,,,b2441,,,,b2463,,,,,,,,
b2285,,b2285,,,,,,,,,,,,b2458,,,,b2464,,,,,,,,
b2286,,b2286,,,,,,,,,,,,b2463,,,,b2465,,,,,,,,
b2287,,b2287,,,,,,,,,,,,b2464,,,,b2467,,,,,,,,
b2288,,b2288,,,,,,,,,,,,b2465,,,,b2470,,,,,,,,
b2290,,b2290,,,,,,,,,,,,b2467,,,,b2480,,,,,,,,
b2291,,b2291,,,,,,,,,,,,b2470,,,,b2481,,,,,,,,
b2296,,b2296,,,,,,,,,,,,b2480,,,,b2482,,,,,,,,
b2297,,b2297,,,,,,,,,,,,b2481,,,,b2483,,,,,,,,
b2303,,b2303,,,,,,,,,,,,b2482,,,,b2484,,,,,,,,
b2306,,b2306,,,,,,,,,,,,b2483,,,,b2485,,,,,,,,
b2307,,b2307,,,,,,,,,,,,b2484,,,,b2486,,,,,,,,
b2308,,b2308,,,,,,,,,,,,b2485,,,,b2487,,,,,,,,
b2309,,b2309,,,,,,,,,,,,b2486,,,,b2488,,,,,,,,
b2310,,b2310,,,,,,,,,,,,b2487,,,,b2489,,,,,,,,
b2328,,b2328,,,,,,,,,,,,b2488,,,,b2490,,,,,,,,
b2341,,b2341,,,,,,,,,,,,b2489,,,,b2492,,,,,,,,
b2342,,b2342,,,,,,,,,,,,b2490,,,,b2497,,,,,,,,
b2344,,b2344,,,,,,,,,,,,b2492,,,,b2498,,,,,,,,
b2366,,b2366,,,,,,,,,,,,b2497,,,,b2500,,,,,,,,
b2373,,b2373,,,,,,,,,,,,b2498,,,,b2501,,,,,,,,
b2374,,b2374,,,,,,,,,,,,b2500,,,,b2502,,,,,,,,
b2378,,b2378,,,,,,,,,,,,b2501,,,,b2518,,,,,,,,
b2379,,b2379,,,,,,,,,,,,b2502,,,,b2519,,,,,,,,
b2388,,b2388,,,,,,,,,,,,b2518,,,,b2521,,,,,,,,
b2392,,b2392,,,,,,,,,,,,b2519,,,,b2523,,,,,,,,
b2393,,b2393,,,,,,,,,,,,b2521,,,,b2528,,,,,,,,
b2406,,b2406,,,,,,,,,,,,b2523,,,,b2529,,,,,,,,
b2407,,b2407,,,,,,,,,,,,b2528,,,,b2536,,,,,,,,
b2411,,b2411,,,,,,,,,,,,b2529,,,,b2538,,,,,,,,
b2414,,b2414,,,,,,,,,,,,b2536,,,,b2539,,,,,,,,
b2415,,b2415,,,,,,,,,,,,b2538,,,,b2540,,,,,,,,
b2416,,b2416,,,,,,,,,,,,b2539,,,,b2541,,,,,,,,
b2417,,b2417,,,,,,,,,,,,b2540,,,,b2542,,,,,,,,
b2418,,b2418,,,,,,,,,,,,b2541,,,,b2552,,,,,,,,
b2421,,b2421,,,,,,,,,,,,b2542,,,,b2558,,,,,,,,
b2422,,b2422,,,,,,,,,,,,b2552,,,,b2578,,,,,,,,
b2423,,b2423,,,,,,,,,,,,b2558,,,,b2579,,,,,,,,
b2424,,b2424,,,,,,,,,,,,b2578,,,,b2582,,,,,,,,
b2425,,b2425,,,,,,,,,,,,b2579,,,,b2587,,,,,,,,
b2428,,b2428,,,,,,,,,,,,b2582,,,,b2601,,,,,,,,
b2429,,b2429,,,,,,,,,,,,b2587,,,,b2661,,,,,,,,
b2435,,b2435,,,,,,,,,,,,b2601,,,,b2662,,,,,,,,
b2436,,b2436,,,,,,,,,,,,b2661,,,,b2663,,,,,,,,
b2440,,b2440,,,,,,,,,,,,b2662,,,,b2675,,,,,,,,
b2441,,b2441,,,,,,,,,,,,b2663,,,,b2676,,,,,,,,
b2458,,b2458,,,,,,,,,,,,b2675,,,,b2677,,,,,,,,
b2463,,b2463,,,,,,,,,,,,b2676,,,,b2678,,,,,,,,
b2464,,b2464,,,,,,,,,,,,b2677,,,,b2679,,,,,,,,
b2465,,b2465,,,,,,,,,,,,b2678,,,,b2682,,,,,,,,
b2467,,b2467,,,,,,,,,,,,b2679,,,,b2683,,,,,,,,
b2470,,b2470,,,,,,,,,,,,b2682,,,,b2688,,,,,,,,
b2480,,b2480,,,,,,,,,,,,b2683,,,,b2690,,,,,,,,
b2481,,b2481,,,,,,,,,,,,b2688,,,,b2697,,,,,,,,
b2482,,b2482,,,,,,,,,,,,b2690,,,,b2701,,,,,,,,
b2483,,b2483,,,,,,,,,,,,b2697,,,,b2702,,,,,,,,
b2484,,b2484,,,,,,,,,,,,b2701,,,,b2703,,,,,,,,
b2485,,b2485,,,,,,,,,,,,b2702,,,,b2704,,,,,,,,
b2486,,b2486,,,,,,,,,,,,b2703,,,,b2705,,,,,,,,
b2487,,b2487,,,,,,,,,,,,b2704,,,,b2708,,,,,,,,
b2488,,b2488,,,,,,,,,,,,b2705,,,,b2710,,,,,,,,
b2489,,b2489,,,,,,,,,,,,b2708,,,,b2711,,,,,,,,
b2490,,b2490,,,,,,,,,,,,b2710,,,,b2715,,,,,,,,
b2492,,b2492,,,,,,,,,,,,b2711,,,,b2719,,,,,,,,
b2497,,b2497,,,,,,,,,,,,b2715,,,,b2720,,,,,,,,
b2498,,b2498,,,,,,,,,,,,b2719,,,,b2721,,,,,,,,
b2500,,b2500,,,,,,,,,,,,b2720,,,,b2722,,,,,,,,
b2501,,b2501,,,,,,,,,,,,b2721,,,,b2723,,,,,,,,
b2502,,b2502,,,,,,,,,,,,b2722,,,,b2724,,,,,,,,
b2508,,b2508,,,,,,,,,,,,b2723,,,,b2738,,,,,,,,
b2514,,b2514,,,,,,,,,,,,b2724,,,,b2744,,,,,,,,
b2518,,b2518,,,,,,,,,,,,b2738,,,,b2765,,,,,,,,
b2519,,b2519,,,,,,,,,,,,b2744,,,,b2781,,,,,,,,
b2521,,b2521,,,,,,,,,,,,b2765,,,,b2784,,,,,,,,
b2523,,b2523,,,,,,,,,,,,b2781,,,,b2787,,,,,,,,
b2528,,b2528,,,,,,,,,,,,b2784,,,,b2788,,,,,,,,
b2529,,b2529,,,,,,,,,,,,b2787,,,,b2789,,,,,,,,
b2533,,b2533,,,,,,,,,,,,b2788,,,,b2794,,,,,,,,
b2536,,b2536,,,,,,,,,,,,b2789,,,,b2796,,,,,,,,
b2538,,b2538,,,,,,,,,,,,b2794,,,,b2797,,,,,,,,
b2539,,b2539,,,,,,,,,,,,b2796,,,,b2799,,,,,,,,
b2540,,b2540,,,,,,,,,,,,b2797,,,,b2800,,,,,,,,
b2541,,b2541,,,,,,,,,,,,b2799,,,,b2801,,,,,,,,
b2542,,b2542,,,,,,,,,,,,b2800,,,,b2802,,,,,,,,
b2551,,b2551,,,,,,,,,,,,b2801,,,,b2803,,,,,,,,
b2552,,b2552,,,,,,,,,,,,b2802,,,,b2810,,,,,,,,
b2558,,b2558,,,,,,,,,,,,b2803,,,,b2813,,,,,,,,
b2563,,b2563,,,,,,,,,,,,b2810,,,,b2817,,,,,,,,
b2578,,b2578,,,,,,,,,,,,b2813,,,,b2835,,,,,,,,
b2579,,b2579,,,,,,,,,,,,b2817,,,,b2836,,,,,,,,
b2582,,b2582,,,,,,,,,,,,b2835,,,,b2841,,,,,,,,
b2587,,b2587,,,,,,,,,,,,b2836,,,,b2866,,,,,,,,
b2601,,b2601,,,,,,,,,,,,b2841,,,,b2867,,,,,,,,
b2661,,b2661,,,,,,,,,,,,b2866,,,,b2868,,,,,,,,
b2662,,b2662,,,,,,,,,,,,b2867,,,,b2871,,,,,,,,
b2663,,b2663,,,,,,,,,,,,b2868,,,,b2874,,,,,,,,
b2675,,b2675,,,,,,,,,,,,b2871,,,,b2877,,,,,,,,
b2676,,b2676,,,,,,,,,,,,b2874,,,,b2882,,,,,,,,
b2677,,b2677,,,,,,,,,,,,b2877,,,,b2883,,,,,,,,
b2678,,b2678,,,,,,,,,,,,b2882,,,,b2889,,,,,,,,
b2679,,b2679,,,,,,,,,,,,b2883,,,,b2890,,,,,,,,
b2682,,b2682,,,,,,,,,,,,b2889,,,,b2893,,,,,,,,
b2683,,b2683,,,,,,,,,,,,b2890,,,,b2895,,,,,,,,
b2688,,b2688,,,,,,,,,,,,b2893,,,,b2901,,,,,,,,
b2690,,b2690,,,,,,,,,,,,b2895,,,,b2903,,,,,,,,
b2697,,b2697,,,,,,,,,,,,b2901,,,,b2904,,,,,,,,
b2701,,b2701,,,,,,,,,,,,b2903,,,,b2905,,,,,,,,
b2702,,b2702,,,,,,,,,,,,b2904,,,,b2912,,,,,,,,
b2703,,b2703,,,,,,,,,,,,b2905,,,,b2914,,,,,,,,
b2704,,b2704,,,,,,,,,,,,b2907,,,,b2917,,,,,,,,
b2705,,b2705,,,,,,,,,,,,b2912,,,,b2919,,,,,,,,
b2708,,b2708,,,,,,,,,,,,b2914,,,,b2920,,,,,,,,
b2710,,b2710,,,,,,,,,,,,b2917,,,,b2923,,,,,,,,
b2711,,b2711,,,,,,,,,,,,b2919,,,,b2927,,,,,,,,
b2715,,b2715,,,,,,,,,,,,b2920,,,,b2930,,,,,,,,
b2719,,b2719,,,,,,,,,,,,b2923,,,,b2935,,,,,,,,
b2720,,b2720,,,,,,,,,,,,b2927,,,,b2937,,,,,,,,
b2721,,b2721,,,,,,,,,,,,b2930,,,,b2938,,,,,,,,
b2722,,b2722,,,,,,,,,,,,b2935,,,,b2943,,,,,,,,
b2723,,b2723,,,,,,,,,,,,b2937,,,,b2947,,,,,,,,
b2724,,b2724,,,,,,,,,,,,b2938,,,,b2954,,,,,,,,
b2738,,b2738,,,,,,,,,,,,b2943,,,,b2957,,,,,,,,
b2744,,b2744,,,,,,,,,,,,b2947,,,,b2963,,,,,,,,
b2765,,b2765,,,,,,,,,,,,b2954,,,,b2964,,,,,,,,
b2779,,b2779,,,,,,,,,,,,b2957,,,,b2965,,,,,,,,
b2781,,b2781,,,,,,,,,,,,b2963,,,,b2975,,,,,,,,
b2784,,b2784,,,,,,,,,,,,b2964,,,,b2976,,,,,,,,
b2787,,b2787,,,,,,,,,,,,b2965,,,,b2979,,,,,,,,
b2788,,b2788,,,,,,,,,,,,b2975,,,,b2987,,,,,,,,
b2789,,b2789,,,,,,,,,,,,b2976,,,,b2988,,,,,,,,
b2794,,b2794,,,,,,,,,,,,b2979,,,,b2994,,,,,,,,
b2796,,b2796,,,,,,,,,,,,b2987,,,,b2995,,,,,,,,
b2797,,b2797,,,,,,,,,,,,b2988,,,,b2996,,,,,,,,
b2799,,b2799,,,,,,,,,,,,b2994,,,,b2997,,,,,,,,
b2800,,b2800,,,,,,,,,,,,b2995,,,,b3001,,,,,,,,
b2801,,b2801,,,,,,,,,,,,b2996,,,,b3005,,,,,,,,
b2802,,b2802,,,,,,,,,,,,b2997,,,,b3006,,,,,,,,
b2803,,b2803,,,,,,,,,,,,b3001,,,,b3012,,,,,,,,
b2810,,b2810,,,,,,,,,,,,b3005,,,,b3028,,,,,,,,
b2813,,b2813,,,,,,,,,,,,b3006,,,,b3029,,,,,,,,
b2817,,b2817,,,,,,,,,,,,b3012,,,,b3034,,,,,,,,
b2835,,b2835,,,,,,,,,,,,b3028,,,,b3035,,,,,,,,
b2836,,b2836,,,,,,,,,,,,b3029,,,,b3052,,,,,,,,
b2841,,b2841,,,,,,,,,,,,b3034,,,,b3057,,,,,,,,
b2866,,b2866,,,,,,,,,,,,b3035,,,,b3059,,,,,,,,
b2867,,b2867,,,,,,,,,,,,b3052,,,,b3061,,,,,,,,
b2868,,b2868,,,,,,,,,,,,b3057,,,,b3062,,,,,,,,
b2871,,b2871,,,,,,,,,,,,b3059,,,,b3063,,,,,,,,
b2874,,b2874,,,,,,,,,,,,b3061,,,,b3073,,,,,,,,
b2877,,b2877,,,,,,,,,,,,b3062,,,,b3089,,,,,,,,
b2882,,b2882,,,,,,,,,,,,b3063,,,,b3091,,,,,,,,
b2883,,b2883,,,,,,,,,,,,b3073,,,,b3092,,,,,,,,
b2889,,b2889,,,,,,,,,,,,b3089,,,,b3093,,,,,,,,
b2890,,b2890,,,,,,,,,,,,b3091,,,,b3114,,,,,,,,
b2893,,b2893,,,,,,,,,,,,b3092,,,,b3115,,,,,,,,
b2895,,b2895,,,,,,,,,,,,b3093,,,,b3116,,,,,,,,
b2901,,b2901,,,,,,,,,,,,b3114,,,,b3117,,,,,,,,
b2903,,b2903,,,,,,,,,,,,b3115,,,,b3124,,,,,,,,
b2904,,b2904,,,,,,,,,,,,b3116,,,,b3125,,,,,,,,
b2905,,b2905,,,,,,,,,,,,b3117,,,,b3126,,,,,,,,
b2907,,b2907,,,,,,,,,,,,b3124,,,,b3127,,,,,,,,
b2912,,b2912,,,,,,,,,,,,b3125,,,,b3128,,,,,,,,
b2913,,b2913,,,,,,,,,,,,b3126,,,,b3132,,,,,,,,
b2914,,b2914,,,,,,,,,,,,b3127,,,,b3137,,,,,,,,
b2917,,b2917,,,,,,,,,,,,b3128,,,,b3161,,,,,,,,
b2919,,b2919,,,,,,,,,,,,b3132,,,,b3182,,,,,,,,
b2920,,b2920,,,,,,,,,,,,b3137,,,,b3197,,,,,,,,
b2923,,b2923,,,,,,,,,,,,b3161,,,,b3212,,,,,,,,
b2925,,b2925,,,,,,,,,,,,b3182,,,,b3213,,,,,,,,
b2926,,b2926,,,,,,,,,,,,b3197,,,,b3222,,,,,,,,
b2927,,b2927,,,,,,,,,,,,b3212,,,,b3223,,,,,,,,
b2930,,b2930,,,,,,,,,,,,b3213,,,,b3224,,,,,,,,
b2935,,b2935,,,,,,,,,,,,b3222,,,,b3225,,,,,,,,
b2937,,b2937,,,,,,,,,,,,b3223,,,,b3236,,,,,,,,
b2938,,b2938,,,,,,,,,,,,b3224,,,,b3258,,,,,,,,
b2943,,b2943,,,,,,,,,,,,b3225,,,,b3265,,,,,,,,
b2947,,b2947,,,,,,,,,,,,b3236,,,,b3266,,,,,,,,
b2954,,b2954,,,,,,,,,,,,b3258,,,,b3290,,,,,,,,
b2957,,b2957,,,,,,,,,,,,b3265,,,,b3350,,,,,,,,
b2963,,b2963,,,,,,,,,,,,b3266,,,,b3365,,,,,,,,
b2964,,b2964,,,,,,,,,,,,b3290,,,,b3366,,,,,,,,
b2965,,b2965,,,,,,,,,,,,b3350,,,,b3367,,,,,,,,
b2975,,b2975,,,,,,,,,,,,b3365,,,,b3370,,,,,,,,
b2976,,b2976,,,,,,,,,,,,b3366,,,,b3371,,,,,,,,
b2979,,b2979,,,,,,,,,,,,b3367,,,,b3374,,,,,,,,
b2987,,b2987,,,,,,,,,,,,b3370,,,,b3380,,,,,,,,
b2988,,b2988,,,,,,,,,,,,b3371,,,,b3385,,,,,,,,
b2994,,b2994,,,,,,,,,,,,b3374,,,,b3386,,,,,,,,
b2995,,b2995,,,,,,,,,,,,b3380,,,,b3390,,,,,,,,
b2996,,b2996,,,,,,,,,,,,b3385,,,,b3396,,,,,,,,
b2997,,b2997,,,,,,,,,,,,b3386,,,,b3397,,,,,,,,
b3001,,b3001,,,,,,,,,,,,b3390,,,,b3403,,,,,,,,
b3005,,b3005,,,,,,,,,,,,b3396,,,,b3409,,,,,,,,
b3006,,b3006,,,,,,,,,,,,b3397,,,,b3415,,,,,,,,
b3008,,b3008,,,,,,,,,,,,b3403,,,,b3416,,,,,,,,
b3012,,b3012,,,,,,,,,,,,b3409,,,,b3417,,,,,,,,
b3028,,b3028,,,,,,,,,,,,b3415,,,,b3425,,,,,,,,
b3029,,b3029,,,,,,,,,,,,b3416,,,,b3428,,,,,,,,
b3034,,b3034,,,,,,,,,,,,b3417,,,,b3429,,,,,,,,
b3035,,b3035,,,,,,,,,,,,b3425,,,,b3430,,,,,,,,
b3052,,b3052,,,,,,,,,,,,b3426,,,,b3431,,,,,,,,
b3057,,b3057,,,,,,,,,,,,b3428,,,,b3432,,,,,,,,
b3059,,b3059,,,,,,,,,,,,b3429,,,,b3437,,,,,,,,
b3061,,b3061,,,,,,,,,,,,b3430,,,,b3447,,,,,,,,
b3062,,b3062,,,,,,,,,,,,b3431,,,,b3449,,,,,,,,
b3063,,b3063,,,,,,,,,,,,b3432,,,,b3450,,,,,,,,
b3073,,b3073,,,,,,,,,,,,b3437,,,,b3451,,,,,,,,
b3089,,b3089,,,,,,,,,,,,b3447,,,,b3452,,,,,,,,
b3091,,b3091,,,,,,,,,,,,b3449,,,,b3453,,,,,,,,
b3092,,b3092,,,,,,,,,,,,b3450,,,,b3454,,,,,,,,
b3093,,b3093,,,,,,,,,,,,b3451,,,,b3455,,,,,,,,
b3114,,b3114,,,,,,,,,,,,b3452,,,,b3456,,,,,,,,
b3115,,b3115,,,,,,,,,,,,b3453,,,,b3457,,,,,,,,
b3116,,b3116,,,,,,,,,,,,b3454,,,,b3458,,,,,,,,
b3117,,b3117,,,,,,,,,,,,b3455,,,,b3460,,,,,,,,
b3124,,b3124,,,,,,,,,,,,b3456,,,,b3469,,,,,,,,
b3125,,b3125,,,,,,,,,,,,b3457,,,,b3475,,,,,,,,
b3126,,b3126,,,,,,,,,,,,b3458,,,,b3476,,,,,,,,
b3127,,b3127,,,,,,,,,,,,b3460,,,,b3477,,,,,,,,
b3128,,b3128,,,,,,,,,,,,b3469,,,,b3478,,,,,,,,
b3132,,b3132,,,,,,,,,,,,b3475,,,,b3479,,,,,,,,
b3137,,b3137,,,,,,,,,,,,b3476,,,,b3480,,,,,,,,
b3161,,b3161,,,,,,,,,,,,b3477,,,,b3493,,,,,,,,
b3182,,b3182,,,,,,,,,,,,b3478,,,,b3496,,,,,,,,
b3197,,b3197,,,,,,,,,,,,b3479,,,,b3500,,,,,,,,
b3212,,b3212,,,,,,,,,,,,b3480,,,,b3502,,,,,,,,
b3213,,b3213,,,,,,,,,,,,b3493,,,,b3503,,,,,,,,
b3222,,b3222,,,,,,,,,,,,b3496,,,,b3517,,,,,,,,
b3223,,b3223,,,,,,,,,,,,b3500,,,,b3519,,,,,,,,
b3224,,b3224,,,,,,,,,,,,b3502,,,,b3526,,,,,,,,
b3225,,b3225,,,,,,,,,,,,b3503,,,,b3528,,,,,,,,
b3236,,b3236,,,,,,,,,,,,b3517,,,,b3540,,,,,,,,
b3258,,b3258,,,,,,,,,,,,b3519,,,,b3541,,,,,,,,
b3265,,b3265,,,,,,,,,,,,b3526,,,,b3542,,,,,,,,
b3266,,b3266,,,,,,,,,,,,b3528,,,,b3543,,,,,,,,
b3281,,b3281,,,,,,,,,,,,b3540,,,,b3544,,,,,,,,
b3288,,b3288,,,,,,,,,,,,b3541,,,,b3546,,,,,,,,
b3290,,b3290,,,,,,,,,,,,b3542,,,,b3551,,,,,,,,
b3350,,b3350,,,,,,,,,,,,b3543,,,,b3553,,,,,,,,
b3365,,b3365,,,,,,,,,,,,b3544,,,,b3559,,,,,,,,
b3366,,b3366,,,,,,,,,,,,b3546,,,,b3564,,,,,,,,
b3367,,b3367,,,,,,,,,,,,b3551,,,,b3565,,,,,,,,
b3370,,b3370,,,,,,,,,,,,b3553,,,,b3566,,,,,,,,
b3371,,b3371,,,,,,,,,,,,b3559,,,,b3567,,,,,,,,
b3374,,b3374,,,,,,,,,,,,b3564,,,,b3568,,,,,,,,
b3380,,b3380,,,,,,,,,,,,b3565,,,,b3571,,,,,,,,
b3384,,b3384,,,,,,,,,,,,b3566,,,,b3572,,,,,,,,
b3385,,b3385,,,,,,,,,,,,b3567,,,,b3575,,,,,,,,
b3386,,b3386,,,,,,,,,,,,b3568,,,,b3577,,,,,,,,
b3390,,b3390,,,,,,,,,,,,b3571,,,,b3578,,,,,,,,
b3396,,b3396,,,,,,,,,,,,b3572,,,,b3579,,,,,,,,
b3397,,b3397,,,,,,,,,,,,b3575,,,,b3580,,,,,,,,
b3403,,b3403,,,,,,,,,,,,b3577,,,,b3581,,,,,,,,
b3409,,b3409,,,,,,,,,,,,b3578,,,,b3583,,,,,,,,
b3415,,b3415,,,,,,,,,,,,b3579,,,,b3588,,,,,,,,
b3416,,b3416,,,,,,,,,,,,b3580,,,,b3591,,,,,,,,
b3417,,b3417,,,,,,,,,,,,b3581,,,,b3599,,,,,,,,
b3425,,b3425,,,,,,,,,,,,b3583,,,,b3600,,,,,,,,
b3426,,b3426,,,,,,,,,,,,b3588,,,,b3603,,,,,,,,
b3428,,b3428,,,,,,,,,,,,b3591,,,,b3605,,,,,,,,
b3429,,b3429,,,,,,,,,,,,b3599,,,,b3610,,,,,,,,
b3430,,b3430,,,,,,,,,,,,b3600,,,,b3612,,,,,,,,
b3431,,b3431,,,,,,,,,,,,b3603,,,,b3616,,,,,,,,
b3432,,b3432,,,,,,,,,,,,b3605,,,,b3617,,,,,,,,
b3437,,b3437,,,,,,,,,,,,b3610,,,,b3619,,,,,,,,
b3447,,b3447,,,,,,,,,,,,b3612,,,,b3620,,,,,,,,
b3449,,b3449,,,,,,,,,,,,b3616,,,,b3621,,,,,,,,
b3450,,b3450,,,,,,,,,,,,b3617,,,,b3622,,,,,,,,
b3451,,b3451,,,,,,,,,,,,b3619,,,,b3624,,,,,,,,
b3452,,b3452,,,,,,,,,,,,b3620,,,,b3625,,,,,,,,
b3453,,b3453,,,,,,,,,,,,b3621,,,,b3626,,,,,,,,
b3454,,b3454,,,,,,,,,,,,b3622,,,,b3627,,,,,,,,
b3455,,b3455,,,,,,,,,,,,b3624,,,,b3628,,,,,,,,
b3456,,b3456,,,,,,,,,,,,b3625,,,,b3629,,,,,,,,
b3457,,b3457,,,,,,,,,,,,b3626,,,,b3630,,,,,,,,
b3458,,b3458,,,,,,,,,,,,b3627,,,,b3631,,,,,,,,
b3460,,b3460,,,,,,,,,,,,b3628,,,,b3632,,,,,,,,
b3469,,b3469,,,,,,,,,,,,b3629,,,,b3653,,,,,,,,
b3475,,b3475,,,,,,,,,,,,b3630,,,,b3654,,,,,,,,
b3476,,b3476,,,,,,,,,,,,b3631,,,,b3665,,,,,,,,
b3477,,b3477,,,,,,,,,,,,b3632,,,,b3666,,,,,,,,
b3478,,b3478,,,,,,,,,,,,b3653,,,,b3670,,,,,,,,
b3479,,b3479,,,,,,,,,,,,b3654,,,,b3679,,,,,,,,
b3480,,b3480,,,,,,,,,,,,b3665,,,,b3691,,,,,,,,
b3493,,b3493,,,,,,,,,,,,b3666,,,,b3693,,,,,,,,
b3496,,b3496,,,,,,,,,,,,b3670,,,,b3708,,,,,,,,
b3500,,b3500,,,,,,,,,,,,b3671,,,,b3714,,,,,,,,
b3502,,b3502,,,,,,,,,,,,b3679,,,,b3722,,,,,,,,
b3503,,b3503,,,,,,,,,,,,b3691,,,,b3725,,,,,,,,
b3517,,b3517,,,,,,,,,,,,b3693,,,,b3726,,,,,,,,
b3519,,b3519,,,,,,,,,,,,b3708,,,,b3727,,,,,,,,
b3526,,b3526,,,,,,,,,,,,b3714,,,,b3728,,,,,,,,
b3528,,b3528,,,,,,,,,,,,b3722,,,,b3732,,,,,,,,
b3540,,b3540,,,,,,,,,,,,b3725,,,,b3737,,,,,,,,
b3541,,b3541,,,,,,,,,,,,b3726,,,,b3739,,,,,,,,
b3542,,b3542,,,,,,,,,,,,b3727,,,,b3744,,,,,,,,
b3543,,b3543,,,,,,,,,,,,b3728,,,,b3747,,,,,,,,
b3544,,b3544,,,,,,,,,,,,b3732,,,,b3748,,,,,,,,
b3546,,b3546,,,,,,,,,,,,b3733,,,,b3749,,,,,,,,
b3551,,b3551,,,,,,,,,,,,b3734,,,,b3750,,,,,,,,
b3553,,b3553,,,,,,,,,,,,b3735,,,,b3751,,,,,,,,
b3559,,b3559,,,,,,,,,,,,b3736,,,,b3752,,,,,,,,
b3560,,b3560,,,,,,,,,,,,b3739,,,,b3779,,,,,,,,
b3564,,b3564,,,,,,,,,,,,b3744,,,,b3781,,,,,,,,
b3565,,b3565,,,,,,,,,,,,b3747,,,,b3784,,,,,,,,
b3566,,b3566,,,,,,,,,,,,b3748,,,,b3785,,,,,,,,
b3567,,b3567,,,,,,,,,,,,b3749,,,,b3786,,,,,,,,
b3568,,b3568,,,,,,,,,,,,b3750,,,,b3787,,,,,,,,
b3571,,b3571,,,,,,,,,,,,b3751,,,,b3788,,,,,,,,
b3572,,b3572,,,,,,,,,,,,b3752,,,,b3789,,,,,,,,
b3575,,b3575,,,,,,,,,,,,b3779,,,,b3790,,,,,,,,
b3577,,b3577,,,,,,,,,,,,b3781,,,,b3791,,,,,,,,
b3578,,b3578,,,,,,,,,,,,b3784,,,,b3792,,,,,,,,
b3579,,b3579,,,,,,,,,,,,b3785,,,,b3794,,,,,,,,
b3580,,b3580,,,,,,,,,,,,b3786,,,,b3803,,,,,,,,
b3581,,b3581,,,,,,,,,,,,b3787,,,,b3806,,,,,,,,
b3583,,b3583,,,,,,,,,,,,b3788,,,,b3816,,,,,,,,
b3588,,b3588,,,,,,,,,,,,b3789,,,,b3821,,,,,,,,
b3591,,b3591,,,,,,,,,,,,b3790,,,,b3823,,,,,,,,
b3599,,b3599,,,,,,,,,,,,b3791,,,,b3824,,,,,,,,
b3600,,b3600,,,,,,,,,,,,b3792,,,,b3825,,,,,,,,
b3603,,b3603,,,,,,,,,,,,b3794,,,,b3826,,,,,,,,
b3605,,b3605,,,,,,,,,,,,b3803,,,,b3829,,,,,,,,
b3610,,b3608,,,,,,,,,,,,b3806,,,,b3831,,,,,,,,
b3612,,b3610,,,,,,,,,,,,b3816,,,,b3833,,,,,,,,
b3616,,b3612,,,,,,,,,,,,b3821,,,,b3844,,,,,,,,
b3617,,b3616,,,,,,,,,,,,b3823,,,,b3845,,,,,,,,
b3619,,b3617,,,,,,,,,,,,b3824,,,,b3846,,,,,,,,
b3620,,b3619,,,,,,,,,,,,b3825,,,,b3849,,,,,,,,
b3621,,b3620,,,,,,,,,,,,b3826,,,,b3856,,,,,,,,
b3622,,b3621,,,,,,,,,,,,b3831,,,,b3857,,,,,,,,
b3623,,b3622,,,,,,,,,,,,b3844,,,,b3860,,,,,,,,
b3624,,b3623,,,,,,,,,,,,b3845,,,,b3867,,,,,,,,
b3625,,b3624,,,,,,,,,,,,b3846,,,,b3875,,,,,,,,
b3626,,b3625,,,,,,,,,,,,b3849,,,,b3882,,,,,,,,
b3627,,b3626,,,,,,,,,,,,b3856,,,,b3892,,,,,,,,
b3628,,b3627,,,,,,,,,,,,b3857,,,,b3893,,,,,,,,
b3629,,b3628,,,,,,,,,,,,b3860,,,,b3894,,,,,,,,
b3630,,b3629,,,,,,,,,,,,b3867,,,,b3902,,,,,,,,
b3631,,b3630,,,,,,,,,,,,b3875,,,,b3903,,,,,,,,
b3632,,b3631,,,,,,,,,,,,b3882,,,,b3904,,,,,,,,
b3640,,b3632,,,,,,,,,,,,b3892,,,,b3907,,,,,,,,
b3650,,b3640,,,,,,,,,,,,b3893,,,,b3908,,,,,,,,
b3653,,b3650,,,,,,,,,,,,b3894,,,,b3909,,,,,,,,
b3654,,b3653,,,,,,,,,,,,b3902,,,,b3915,,,,,,,,
b3665,,b3654,,,,,,,,,,,,b3903,,,,b3916,,,,,,,,
b3666,,b3665,,,,,,,,,,,,b3904,,,,b3917,,,,,,,,
b3670,,b3666,,,,,,,,,,,,b3907,,,,b3918,,,,,,,,
b3671,,b3670,,,,,,,,,,,,b3908,,,,b3919,,,,,,,,
b3679,,b3671,,,,,,,,,,,,b3909,,,,b3925,,,,,,,,
b3691,,b3679,,,,,,,,,,,,b3915,,,,b3927,,,,,,,,
b3693,,b3691,,,,,,,,,,,,b3917,,,,b3930,,,,,,,,
b3708,,b3693,,,,,,,,,,,,b3918,,,,b3942,,,,,,,,
b3709,,b3708,,,,,,,,,,,,b3919,,,,b3945,,,,,,,,
b3714,,b3709,,,,,,,,,,,,b3925,,,,b3946,,,,,,,,
b3722,,b3714,,,,,,,,,,,,b3926,,,,b3951,,,,,,,,
b3725,,b3722,,,,,,,,,,,,b3927,,,,b3952,,,,,,,,
b3726,,b3725,,,,,,,,,,,,b3930,,,,b3962,,,,,,,,
b3727,,b3726,,,,,,,,,,,,b3942,,,,b3966,,,,,,,,
b3728,,b3727,,,,,,,,,,,,b3945,,,,b3996,,,,,,,,
b3731,,b3728,,,,,,,,,,,,b3946,,,,b4014,,,,,,,,
b3732,,b3731,,,,,,,,,,,,b3951,,,,b4015,,,,,,,,
b3733,,b3732,,,,,,,,,,,,b3952,,,,b4019,,,,,,,,
b3734,,b3733,,,,,,,,,,,,b3962,,,,b4024,,,,,,,,
b3735,,b3734,,,,,,,,,,,,b3966,,,,b4025,,,,,,,,
b3736,,b3735,,,,,,,,,,,,b3996,,,,b4031,,,,,,,,
b3737,,b3736,,,,,,,,,,,,b4014,,,,b4032,,,,,,,,
b3738,,b3737,,,,,,,,,,,,b4015,,,,b4033,,,,,,,,
b3739,,b3738,,,,,,,,,,,,b4019,,,,b4034,,,,,,,,
b3744,,b3739,,,,,,,,,,,,b4024,,,,b4035,,,,,,,,
b3747,,b3744,,,,,,,,,,,,b4025,,,,b4036,,,,,,,,
b3748,,b3747,,,,,,,,,,,,b4031,,,,b4042,,,,,,,,
b3749,,b3748,,,,,,,,,,,,b4032,,,,b4053,,,,,,,,
b3750,,b3749,,,,,,,,,,,,b4033,,,,b4054,,,,,,,,
b3751,,b3750,,,,,,,,,,,,b4034,,,,b4055,,,,,,,,
b3752,,b3751,,,,,,,,,,,,b4035,,,,b4067,,,,,,,,
b3772,,b3752,,,,,,,,,,,,b4036,,,,b4069,,,,,,,,
b3779,,b3772,,,,,,,,,,,,b4042,,,,b4070,,,,,,,,
b3781,,b3779,,,,,,,,,,,,b4053,,,,b4071,,,,,,,,
b3784,,b3781,,,,,,,,,,,,b4054,,,,b4072,,,,,,,,
b3785,,b3784,,,,,,,,,,,,b4055,,,,b4073,,,,,,,,
b3786,,b3785,,,,,,,,,,,,b4067,,,,b4077,,,,,,,,
b3787,,b3786,,,,,,,,,,,,b4069,,,,b4079,,,,,,,,
b3788,,b3787,,,,,,,,,,,,b4070,,,,b4085,,,,,,,,
b3789,,b3788,,,,,,,,,,,,b4071,,,,b4086,,,,,,,,
b3790,,b3789,,,,,,,,,,,,b4072,,,,b4087,,,,,,,,
b3791,,b3790,,,,,,,,,,,,b4073,,,,b4088,,,,,,,,
b3792,,b3791,,,,,,,,,,,,b4077,,,,b4090,,,,,,,,
b3793,,b3792,,,,,,,,,,,,b4079,,,,b4094,,,,,,,,
b3794,,b3793,,,,,,,,,,,,b4085,,,,b4111,,,,,,,,
b3803,,b3794,,,,,,,,,,,,b4086,,,,b4115,,,,,,,,
b3806,,b3803,,,,,,,,,,,,b4087,,,,b4117,,,,,,,,
b3816,,b3806,,,,,,,,,,,,b4088,,,,b4119,,,,,,,,
b3821,,b3816,,,,,,,,,,,,b4090,,,,b4120,,,,,,,,
b3823,,b3821,,,,,,,,,,,,b4094,,,,b4122,,,,,,,,
b3824,,b3823,,,,,,,,,,,,b4111,,,,b4123,,,,,,,,
b3825,,b3824,,,,,,,,,,,,b4115,,,,b4129,,,,,,,,
b3826,,b3825,,,,,,,,,,,,b4117,,,,b4130,,,,,,,,
b3829,,b3826,,,,,,,,,,,,b4119,,,,b4131,,,,,,,,
b3831,,b3829,,,,,,,,,,,,b4120,,,,b4132,,,,,,,,
b3833,,b3831,,,,,,,,,,,,b4122,,,,b4136,,,,,,,,
b3835,,b3833,,,,,,,,,,,,b4123,,,,b4138,,,,,,,,
b3844,,b3835,,,,,,,,,,,,b4129,,,,b4139,,,,,,,,
b3845,,b3844,,,,,,,,,,,,b4130,,,,b4151,,,,,,,,
b3846,,b3845,,,,,,,,,,,,b4131,,,,b4152,,,,,,,,
b3849,,b3846,,,,,,,,,,,,b4132,,,,b4153,,,,,,,,
b3856,,b3849,,,,,,,,,,,,b4136,,,,b4154,,,,,,,,
b3857,,b3856,,,,,,,,,,,,b4138,,,,b4161,,,,,,,,
b3860,,b3857,,,,,,,,,,,,b4139,,,,b4169,,,,,,,,
b3867,,b3860,,,,,,,,,,,,b4151,,,,b4192,,,,,,,,
b3870,,b3867,,,,,,,,,,,,b4152,,,,b4193,,,,,,,,
b3875,,b3870,,,,,,,,,,,,b4153,,,,b4194,,,,,,,,
b3882,,b3875,,,,,,,,,,,,b4154,,,,b4195,,,,,,,,
b3892,,b3882,,,,,,,,,,,,b4161,,,,b4196,,,,,,,,
b3893,,b3892,,,,,,,,,,,,b4169,,,,b4197,,,,,,,,
b3894,,b3893,,,,,,,,,,,,b4192,,,,b4198,,,,,,,,
b3902,,b3894,,,,,,,,,,,,b4193,,,,b4208,,,,,,,,
b3903,,b3902,,,,,,,,,,,,b4194,,,,b4209,,,,,,,,
b3904,,b3903,,,,,,,,,,,,b4195,,,,b4213,,,,,,,,
b3907,,b3904,,,,,,,,,,,,b4196,,,,b4219,,,,,,,,
b3908,,b3907,,,,,,,,,,,,b4197,,,,b4227,,,,,,,,
b3909,,b3908,,,,,,,,,,,,b4198,,,,b4230,,,,,,,,
b3915,,b3909,,,,,,,,,,,,b4208,,,,b4231,,,,,,,,
b3916,,b3915,,,,,,,,,,,,b4209,,,,b4232,,,,,,,,
b3917,,b3916,,,,,,,,,,,,b4213,,,,b4233,,,,,,,,
b3918,,b3917,,,,,,,,,,,,b4219,,,,b4237,,,,,,,,
b3919,,b3918,,,,,,,,,,,,b4227,,,,b4238,,,,,,,,
b3925,,b3919,,,,,,,,,,,,b4230,,,,b4239,,,,,,,,
b3926,,b3925,,,,,,,,,,,,b4231,,,,b4240,,,,,,,,
b3927,,b3926,,,,,,,,,,,,b4232,,,,b4242,,,,,,,,
b3930,,b3927,,,,,,,,,,,,b4233,,,,b4244,,,,,,,,
b3940,,b3930,,,,,,,,,,,,b4237,,,,b4254,,,,,,,,
b3942,,b3940,,,,,,,,,,,,b4238,,,,b4260,,,,,,,,
b3945,,b3942,,,,,,,,,,,,b4239,,,,b4265,,,,,,,,
b3946,,b3945,,,,,,,,,,,,b4240,,,,b4266,,,,,,,,
b3951,,b3946,,,,,,,,,,,,b4242,,,,b4267,,,,,,,,
b3952,,b3951,,,,,,,,,,,,b4244,,,,b4268,,,,,,,,
b3956,,b3952,,,,,,,,,,,,b4254,,,,b4287,,,,,,,,
b3962,,b3956,,,,,,,,,,,,b4260,,,,b4288,,,,,,,,
b3966,,b3962,,,,,,,,,,,,b4265,,,,b4289,,,,,,,,
b3996,,b3966,,,,,,,,,,,,b4266,,,,b4290,,,,,,,,
b4014,,b3996,,,,,,,,,,,,b4267,,,,b4291,,,,,,,,
b4015,,b4014,,,,,,,,,,,,b4268,,,,b4301,,,,,,,,
b4019,,b4015,,,,,,,,,,,,b4287,,,,b4311,,,,,,,,
b4024,,b4019,,,,,,,,,,,,b4288,,,,b4321,,,,,,,,
b4025,,b4024,,,,,,,,,,,,b4289,,,,b4322,,,,,,,,
b4031,,b4025,,,,,,,,,,,,b4290,,,,b4323,,,,,,,,
b4032,,b4031,,,,,,,,,,,,b4291,,,,b4356,,,,,,,,
b4033,,b4032,,,,,,,,,,,,b4301,,,,b4358,,,,,,,,
b4034,,b4033,,,,,,,,,,,,b4311,,,,b4367,,,,,,,,
b4035,,b4034,,,,,,,,,,,,b4321,,,,b4374,,,,,,,,
b4036,,b4035,,,,,,,,,,,,b4322,,,,b4381,,,,,,,,
b4041,,b4036,,,,,,,,,,,,b4323,,,,b4382,,,,,,,,
b4042,,b4041,,,,,,,,,,,,b4356,,,,b4383,,,,,,,,
b4053,,b4042,,,,,,,,,,,,b4358,,,,b4384,,,,,,,,
b4054,,b4053,,,,,,,,,,,,b4367,,,,b4386,,,,,,,,
b4055,,b4054,,,,,,,,,,,,b4374,,,,b4390,,,,,,,,
b4067,,b4055,,,,,,,,,,,,b4381,,,,b4392,,,,,,,,
b4069,,b4067,,,,,,,,,,,,b4382,,,,b4394,,,,,,,,
b4070,,b4069,,,,,,,,,,,,b4383,,,,b4395,,,,,,,,
b4071,,b4070,,,,,,,,,,,,b4384,,,,b4460,,,,,,,,
b4072,,b4071,,,,,,,,,,,,b4386,,,,b4467,,,,,,,,
b4073,,b4072,,,,,,,,,,,,b4390,,,,b4468,,,,,,,,
b4077,,b4073,,,,,,,,,,,,b4392,,,,b4471,,,,,,,,
b4079,,b4077,,,,,,,,,,,,b4394,,,,b4474,,,,,,,,
b4084,,b4079,,,,,,,,,,,,b4395,,,,b4476,,,,,,,,
b4085,,b4084,,,,,,,,,,,,b4460,,,,b4477,,,,,,,,
b4086,,b4085,,,,,,,,,,,,b4467,,,,b4478,,,,,,,,
b4087,,b4086,,,,,,,,,,,,b4468,,,,b4481,,,,,,,,
b4088,,b4087,,,,,,,,,,,,b4471,,,,b4485,,,,,,,,
b4090,,b4088,,,,,,,,,,,,b4474,,,,b4513,,,,,,,,
b4094,,b4090,,,,,,,,,,,,b4476,,,,b4544,,,,,,,,
b4111,,b4094,,,,,,,,,,,,b4477,,,,,,,,,,,,
b4115,,b4111,,,,,,,,,,,,b4478,,,,,,,,,,,,
b4117,,b4115,,,,,,,,,,,,b4481,,,,,,,,,,,,
b4119,,b4117,,,,,,,,,,,,b4485,,,,,,,,,,,,
b4120,,b4119,,,,,,,,,,,,b4513,,,,,,,,,,,,
b4122,,b4120,,,,,,,,,,,,b4544,,,,,,,,,,,,
b4123,,b4122,,,,,,,,,,,,,,,,,,,,,,,,
b4129,,b4123,,,,,,,,,,,,,,,,,,,,,,,,
b4130,,b4129,,,,,,,,,,,,,,,,,,,,,,,,
b4131,,b4130,,,,,,,,,,,,,,,,,,,,,,,,
b4132,,b4131,,,,,,,,,,,,,,,,,,,,,,,,
b4136,,b4132,,,,,,,,,,,,,,,,,,,,,,,,
b4138,,b4136,,,,,,,,,,,,,,,,,,,,,,,,
b4139,,b4138,,,,,,,,,,,,,,,,,,,,,,,,
b4151,,b4139,,,,,,,,,,,,,,,,,,,,,,,,
b4152,,b4151,,,,,,,,,,,,,,,,,,,,,,,,
b4153,,b4152,,,,,,,,,,,,,,,,,,,,,,,,
b4154,,b4153,,,,,,,,,,,,,,,,,,,,,,,,
b4161,,b4154,,,,,,,,,,,,,,,,,,,,,,,,
b4169,,b4161,,,,,,,,,,,,,,,,,,,,,,,,
b4192,,b4169,,,,,,,,,,,,,,,,,,,,,,,,
b4193,,b4192,,,,,,,,,,,,,,,,,,,,,,,,
b4194,,b4193,,,,,,,,,,,,,,,,,,,,,,,,
b4195,,b4194,,,,,,,,,,,,,,,,,,,,,,,,
b4196,,b4195,,,,,,,,,,,,,,,,,,,,,,,,
b4197,,b4196,,,,,,,,,,,,,,,,,,,,,,,,
b4198,,b4197,,,,,,,,,,,,,,,,,,,,,,,,
b4208,,b4198,,,,,,,,,,,,,,,,,,,,,,,,
b4209,,b4208,,,,,,,,,,,,,,,,,,,,,,,,
b4213,,b4209,,,,,,,,,,,,,,,,,,,,,,,,
b4219,,b4213,,,,,,,,,,,,,,,,,,,,,,,,
b4226,,b4219,,,,,,,,,,,,,,,,,,,,,,,,
b4227,,b4226,,,,,,,,,,,,,,,,,,,,,,,,
b4230,,b4227,,,,,,,,,,,,,,,,,,,,,,,,
b4231,,b4230,,,,,,,,,,,,,,,,,,,,,,,,
b4232,,b4231,,,,,,,,,,,,,,,,,,,,,,,,
b4233,,b4232,,,,,,,,,,,,,,,,,,,,,,,,
b4237,,b4233,,,,,,,,,,,,,,,,,,,,,,,,
b4238,,b4237,,,,,,,,,,,,,,,,,,,,,,,,
b4239,,b4238,,,,,,,,,,,,,,,,,,,,,,,,
b4240,,b4239,,,,,,,,,,,,,,,,,,,,,,,,
b4242,,b4240,,,,,,,,,,,,,,,,,,,,,,,,
b4244,,b4242,,,,,,,,,,,,,,,,,,,,,,,,
b4254,,b4244,,,,,,,,,,,,,,,,,,,,,,,,
b4258,,b4254,,,,,,,,,,,,,,,,,,,,,,,,
b4260,,b4258,,,,,,,,,,,,,,,,,,,,,,,,
b4265,,b4260,,,,,,,,,,,,,,,,,,,,,,,,
b4266,,b4265,,,,,,,,,,,,,,,,,,,,,,,,
b4267,,b4266,,,,,,,,,,,,,,,,,,,,,,,,
b4268,,b4267,,,,,,,,,,,,,,,,,,,,,,,,
b4287,,b4268,,,,,,,,,,,,,,,,,,,,,,,,
b4288,,b4287,,,,,,,,,,,,,,,,,,,,,,,,
b4289,,b4288,,,,,,,,,,,,,,,,,,,,,,,,
b4290,,b4289,,,,,,,,,,,,,,,,,,,,,,,,
b4291,,b4290,,,,,,,,,,,,,,,,,,,,,,,,
b4301,,b4291,,,,,,,,,,,,,,,,,,,,,,,,
b4311,,b4301,,,,,,,,,,,,,,,,,,,,,,,,
b4321,,b4311,,,,,,,,,,,,,,,,,,,,,,,,
b4322,,b4321,,,,,,,,,,,,,,,,,,,,,,,,
b4323,,b4322,,,,,,,,,,,,,,,,,,,,,,,,
b4356,,b4323,,,,,,,,,,,,,,,,,,,,,,,,
b4358,,b4356,,,,,,,,,,,,,,,,,,,,,,,,
b4367,,b4358,,,,,,,,,,,,,,,,,,,,,,,,
b4374,,b4367,,,,,,,,,,,,,,,,,,,,,,,,
b4381,,b4374,,,,,,,,,,,,,,,,,,,,,,,,
b4382,,b4381,,,,,,,,,,,,,,,,,,,,,,,,
b4383,,b4382,,,,,,,,,,,,,,,,,,,,,,,,
b4384,,b4383,,,,,,,,,,,,,,,,,,,,,,,,
b4386,,b4384,,,,,,,,,,,,,,,,,,,,,,,,
b4388,,b4386,,,,,,,,,,,,,,,,,,,,,,,,
b4390,,b4388,,,,,,,,,,,,,,,,,,,,,,,,
b4392,,b4390,,,,,,,,,,,,,,,,,,,,,,,,
b4394,,b4392,,,,,,,,,,,,,,,,,,,,,,,,
b4395,,b4394,,,,,,,,,,,,,,,,,,,,,,,,
b4460,,b4395,,,,,,,,,,,,,,,,,,,,,,,,
b4467,,b4460,,,,,,,,,,,,,,,,,,,,,,,,
b4468,,b4467,,,,,,,,,,,,,,,,,,,,,,,,
b4471,,b4468,,,,,,,,,,,,,,,,,,,,,,,,
b4474,,b4471,,,,,,,,,,,,,,,,,,,,,,,,
b4476,,b4474,,,,,,,,,,,,,,,,,,,,,,,,
b4477,,b4476,,,,,,,,,,,,,,,,,,,,,,,,
b4478,,b4477,,,,,,,,,,,,,,,,,,,,,,,,
b4481,,b4478,,,,,,,,,,,,,,,,,,,,,,,,
b4485,,b4481,,,,,,,,,,,,,,,,,,,,,,,,
b4513,,b4485,,,,,,,,,,,,,,,,,,,,,,,,
b4544,,b4513,,,,,,,,,,,,,,,,,,,,,,,,
,,b4544,,,,,,,,,,,,,,,,,,,,,,,,
